日期,營業額,折扣金額細項,來客數,客單價,翻桌率
2026-09-01,0,0,0,0,0.00
2026-09-02,6010,0,23,261.3,1.92
2026-09-03,4230,0,22,192.27,1.83
2026-09-04,3715,0,15,247.67,1.25
2026-09-05,7825,20,27,289.81,2.25
2026-09-06,8695,0,37,235,3.08
2026-09-07,6215,0,28,221.96,2.33
2026-09-08,0,0,0,0,0.00
2026-09-09,2830,0,11,257.27,0.92
2026-09-10,2445,0,18,135.83,1.50
2026-09-11,3085,0,15,205.67,1.25
2026-09-12,11995,0,60,199.92,5.00
2026-09-13,6670,0,30,222.33,2.50
2026-09-14,2370,20,15,158,1.25
2026-09-15,0,0,0,0,0.00
2026-09-16,5465,0,25,218.6,2.08
2026-09-17,4805,10,30,160.17,2.50
2026-09-18,4240,0,19,223.16,1.58
2026-09-19,11700,40,46,254.35,3.83
2026-09-20,10370,0,51,203.33,4.25
2026-09-21,8720,10,32,272.5,2.67
2026-09-22,0,0,0,0,0.00
2026-09-23,5065,0,19,266.58,1.58
2026-09-24,1945,0,14,138.93,1.17
2026-09-25,7680,0,44,174.55,3.67
2026-09-26,16165,0,74,218.45,6.17
2026-09-27,17410,100,75,232.13,6.25
2026-09-28,12610,0,55,229.27,4.58
2026-09-29,0,0,0,0,0.00
2026-09-30,0,0,0,0,0.00
合計,172260,200,785,,
