期別,發票號碼,月份,類別,買受人統編,銷售額未稅,稅額,含稅金額,備註
11504,DQ57467700,7月,B2C,,257,13,270,B2C含稅換算
11504,DQ57467701,7月,B2C,,305,15,320,B2C含稅換算
11504,DQ57467702,7月,B2C,,62,3,65,B2C含稅換算
11504,DQ57467703,7月,B2C,,124,6,130,B2C含稅換算
11504,DQ57467704,7月,B2C,,286,14,300,B2C含稅換算
11504,DQ57467705,7月,B2C,,162,8,170,B2C含稅換算
11504,DQ57467706,7月,B2C,,205,10,215,B2C含稅換算
11504,DQ57467707,7月,B2C,,143,7,150,B2C含稅換算
11504,DQ57467708,7月,B2C,,124,6,130,B2C含稅換算
11504,DQ57467709,7月,B2C,,133,7,140,B2C含稅換算
11504,DQ57467710,7月,B2C,,124,6,130,B2C含稅換算
11504,DQ57467711,7月,B2C,,114,6,120,B2C含稅換算
11504,DQ57467712,7月,B2C,,186,9,195,B2C含稅換算
11504,DQ57467713,7月,B2C,,48,2,50,B2C含稅換算
11504,DQ57467714,7月,B2C,,143,7,150,B2C含稅換算
11504,DQ57467715,7月,B2C,,48,2,50,B2C含稅換算
11504,DQ57467716,7月,B2C,,143,7,150,B2C含稅換算
11504,DQ57467717,7月,B2C,,95,5,100,B2C含稅換算
11504,DQ57467718,7月,B2C,,62,3,65,B2C含稅換算
11504,DQ57467719,7月,B2C,,133,7,140,B2C含稅換算
11504,DQ57467720,7月,B2C,,62,3,65,B2C含稅換算
11504,DQ57467721,7月,B2C,,152,8,160,B2C含稅換算
11504,DQ57467722,7月,B2C,,152,8,160,B2C含稅換算
11504,DQ57467723,7月,B2C,,171,9,180,B2C含稅換算
11504,DQ57467724,7月,B2C,,71,4,75,B2C含稅換算
11504,DQ57467725,7月,B2C,,48,2,50,B2C含稅換算
11504,DQ57467726,7月,B2C,,133,7,140,B2C含稅換算
11504,DQ57467727,7月,B2C,,62,3,65,B2C含稅換算
11504,DQ57467728,7月,B2C,,124,6,130,B2C含稅換算
11504,DQ57467729,7月,B2C,,62,3,65,B2C含稅換算
11504,DQ57467730,7月,B2C,,467,23,490,B2C含稅換算
11504,DQ57467731,7月,B2C,,143,7,150,B2C含稅換算
11504,DQ57467732,7月,B2C,,38,2,40,B2C含稅換算
11504,DQ57467733,7月,B2C,,124,6,130,B2C含稅換算
11504,DQ57467734,7月,B2C,,124,6,130,B2C含稅換算
11504,DQ57467735,7月,B2C,,152,8,160,B2C含稅換算
11504,DQ57467736,7月,B2C,,62,3,65,B2C含稅換算
11504,DQ57467737,7月,B2C,,267,13,280,B2C含稅換算
11504,DQ57467738,7月,B2C,,62,3,65,B2C含稅換算
11504,DQ57467739,7月,B2C,,295,15,310,B2C含稅換算
11504,DQ57467740,7月,B2C,,195,10,205,B2C含稅換算
11504,DQ57467741,7月,B2C,,410,20,430,B2C含稅換算
11504,DQ57467742,7月,B2C,,62,3,65,B2C含稅換算
11504,DQ57467743,7月,B2C,,38,2,40,B2C含稅換算
11504,DQ57467744,7月,B2C,,38,2,40,B2C含稅換算
11504,DQ57467745,7月,B2C,,143,7,150,B2C含稅換算
11504,DQ57467746,7月,B2C,,124,6,130,B2C含稅換算
11504,DQ57467747,7月,B2C,,267,13,280,B2C含稅換算
11504,DQ57467748,7月,B2C,,71,4,75,B2C含稅換算
11504,DQ57467749,7月,B2C,,71,4,75,B2C含稅換算
11504,DQ57467750,7月,B2C,,171,9,180,B2C含稅換算
11504,DQ57467751,7月,B2C,,124,6,130,B2C含稅換算
11504,DQ57467752,7月,B2C,,114,6,120,B2C含稅換算
11504,DQ57467753,7月,B2C,,171,9,180,B2C含稅換算
11504,DQ57467754,7月,B2C,,124,6,130,B2C含稅換算
11504,DQ57467755,7月,B2C,,71,4,75,B2C含稅換算
11504,DQ57467756,7月,B2C,,152,8,160,B2C含稅換算
11504,DQ57467757,7月,B2C,,195,10,205,B2C含稅換算
11504,DQ57467758,7月,B2C,,143,7,150,B2C含稅換算
11504,DQ57467759,7月,B2C,,48,2,50,B2C含稅換算
11504,DQ57467760,7月,B2C,,267,13,280,B2C含稅換算
11504,DQ57467761,7月,B2C,,62,3,65,B2C含稅換算
11504,DQ57467762,7月,B2C,,238,12,250,B2C含稅換算
11504,DQ57467763,7月,B2B,24962879,38,2,40,
11504,DQ57467764,7月,B2C,,248,12,260,B2C含稅換算
11504,DQ57467765,7月,B2C,,38,2,40,B2C含稅換算
11504,DQ57467766,7月,B2C,,38,2,40,B2C含稅換算
11504,DQ57467767,7月,B2C,,305,15,320,B2C含稅換算
11504,DQ57467768,7月,B2C,,71,4,75,B2C含稅換算
11504,DQ57467769,7月,B2C,,62,3,65,B2C含稅換算
11504,DQ57467770,7月,B2C,,71,4,75,B2C含稅換算
11504,DQ57467771,7月,B2C,,267,13,280,B2C含稅換算
11504,DQ57467772,7月,B2C,,257,13,270,B2C含稅換算
11504,DQ57467773,7月,B2C,,143,7,150,B2C含稅換算
11504,DQ57467774,7月,B2C,,248,12,260,B2C含稅換算
11504,DQ57467775,7月,B2C,,95,5,100,B2C含稅換算
11504,DQ57467776,7月,B2C,,295,15,310,B2C含稅換算
11504,DQ57467777,7月,B2C,,124,6,130,B2C含稅換算
11504,DQ57467778,7月,B2C,,295,15,310,B2C含稅換算
11504,DQ57467779,7月,B2C,,62,3,65,B2C含稅換算
11504,DQ57467780,7月,B2C,,314,16,330,B2C含稅換算
11504,DQ57467781,7月,B2C,,62,3,65,B2C含稅換算
11504,DQ57467782,7月,B2C,,71,4,75,B2C含稅換算
11504,DQ57467783,7月,B2C,,286,14,300,B2C含稅換算
11504,DQ57467784,7月,B2C,,205,10,215,B2C含稅換算
11504,DQ57467785,7月,B2C,,143,7,150,B2C含稅換算
11504,DQ57467786,7月,B2C,,267,13,280,B2C含稅換算
11504,DQ57467787,7月,B2C,,171,9,180,B2C含稅換算
11504,DQ57467788,7月,B2C,,133,7,140,B2C含稅換算
11504,DQ57467789,7月,B2C,,124,6,130,B2C含稅換算
11504,DQ57467790,7月,B2C,,133,7,140,B2C含稅換算
11504,DQ57467791,7月,B2C,,195,10,205,B2C含稅換算
11504,DQ57467792,7月,B2C,,124,6,130,B2C含稅換算
11504,DQ57467793,7月,B2C,,124,6,130,B2C含稅換算
11504,DQ57467794,7月,B2C,,62,3,65,B2C含稅換算
11504,DQ57467795,7月,B2C,,876,44,920,B2C含稅換算
11504,DQ57467796,7月,B2C,,124,6,130,B2C含稅換算
11504,DQ57467797,7月,B2C,,267,13,280,B2C含稅換算
11504,DQ57467798,7月,B2C,,143,7,150,B2C含稅換算
11504,DQ57467799,7月,作廢,,0,0,0,
11504,DQ57467800,7月,B2C,,214,11,225,B2C含稅換算
11504,DQ57467801,7月,作廢,,0,0,0,
11504,DQ57467802,7月,B2C,,124,6,130,B2C含稅換算
11504,DQ57467803,7月,B2C,,71,4,75,B2C含稅換算
11504,DQ57467804,7月,B2C,,286,14,300,B2C含稅換算
11504,DQ57467805,7月,B2C,,124,6,130,B2C含稅換算
11504,DQ57467806,7月,B2C,,124,6,130,B2C含稅換算
11504,DQ57467807,7月,B2C,,352,18,370,B2C含稅換算
11504,DQ57467808,7月,B2C,,286,14,300,B2C含稅換算
11504,DQ57467809,7月,B2C,,124,6,130,B2C含稅換算
11504,DQ57467810,7月,B2C,,124,6,130,B2C含稅換算
11504,DQ57467811,7月,B2B,70789634,152,8,160,
11504,DQ57467812,7月,B2C,,248,12,260,B2C含稅換算
11504,DQ57467813,7月,B2C,,133,7,140,B2C含稅換算
11504,DQ57467814,7月,B2C,,124,6,130,B2C含稅換算
11504,DQ57467815,7月,B2C,,286,14,300,B2C含稅換算
11504,DQ57467816,7月,B2C,,62,3,65,B2C含稅換算
11504,DQ57467817,7月,B2C,,71,4,75,B2C含稅換算
11504,DQ57467818,7月,B2C,,248,12,260,B2C含稅換算
11504,DQ57467819,7月,B2C,,276,14,290,B2C含稅換算
11504,DQ57467820,7月,B2C,,133,7,140,B2C含稅換算
11504,DQ57467821,7月,B2C,,62,3,65,B2C含稅換算
11504,DQ57467822,7月,B2C,,124,6,130,B2C含稅換算
11504,DQ57467823,7月,B2C,,171,9,180,B2C含稅換算
11504,DQ57467824,7月,B2C,,171,9,180,B2C含稅換算
11504,DQ57467825,7月,B2C,,143,7,150,B2C含稅換算
11504,DQ57467826,7月,B2C,,124,6,130,B2C含稅換算
11504,DQ57467827,7月,B2C,,267,13,280,B2C含稅換算
11504,DQ57467828,7月,B2C,,71,4,75,B2C含稅換算
11504,DQ57467829,7月,B2C,,286,14,300,B2C含稅換算
11504,DQ57467830,7月,B2C,,190,10,200,B2C含稅換算
11504,DQ57467831,7月,B2C,,152,8,160,B2C含稅換算
11504,DQ57467832,7月,B2C,,171,9,180,B2C含稅換算
11504,DQ57467833,7月,B2C,,152,8,160,B2C含稅換算
11504,DQ57467834,7月,B2C,,152,8,160,B2C含稅換算
11504,DQ57467835,7月,B2C,,124,6,130,B2C含稅換算
11504,DQ57467836,7月,B2C,,448,22,470,B2C含稅換算
11504,DQ57467837,7月,B2C,,171,9,180,B2C含稅換算
11504,DQ57467838,7月,B2C,,62,3,65,B2C含稅換算
11504,DQ57467839,7月,B2C,,390,20,410,B2C含稅換算
11504,DQ57467840,7月,B2C,,124,6,130,B2C含稅換算
11504,DQ57467841,7月,B2C,,71,4,75,B2C含稅換算
11504,DQ57467842,7月,B2C,,124,6,130,B2C含稅換算
11504,DQ57467843,7月,B2C,,419,21,440,B2C含稅換算
11504,DQ57467844,7月,B2C,,286,14,300,B2C含稅換算
11504,DQ57467845,7月,B2C,,295,15,310,B2C含稅換算
11504,DQ57467846,7月,B2C,,124,6,130,B2C含稅換算
11504,DQ57467847,7月,B2C,,124,6,130,B2C含稅換算
11504,DQ57467848,7月,B2C,,195,10,205,B2C含稅換算
11504,DQ57467849,7月,B2C,,171,9,180,B2C含稅換算
11504,DQ57467850,7月,B2C,,505,25,530,B2C含稅換算
11504,DQ57467851,7月,B2C,,95,5,100,B2C含稅換算
11504,DQ57467852,7月,B2C,,124,6,130,B2C含稅換算
11504,DQ57467853,7月,B2C,,152,8,160,B2C含稅換算
11504,DQ57467854,7月,B2C,,124,6,130,B2C含稅換算
11504,DQ57467855,7月,B2C,,38,2,40,B2C含稅換算
11504,DQ57467856,7月,B2B,54839497,38,2,40,
11504,DQ57467857,7月,B2C,,124,6,130,B2C含稅換算
11504,DQ57467858,7月,B2C,,124,6,130,B2C含稅換算
11504,DQ57467859,7月,B2C,,143,7,150,B2C含稅換算
11504,DQ57467860,7月,B2C,,533,27,560,B2C含稅換算
11504,DQ57467861,7月,B2C,,362,18,380,B2C含稅換算
11504,DQ57467862,7月,B2B,16354751,143,7,150,
11504,DQ57467863,7月,B2C,,2286,114,2400,B2C含稅換算
11504,DQ57467864,7月,B2C,,114,6,120,B2C含稅換算
11504,DQ57467865,7月,B2C,,62,3,65,B2C含稅換算
11504,DQ57467866,7月,B2C,,162,8,170,B2C含稅換算
11504,DQ57467867,7月,B2C,,743,37,780,B2C含稅換算
11504,DQ57467868,7月,B2C,,429,21,450,B2C含稅換算
11504,DQ57467869,7月,B2C,,124,6,130,B2C含稅換算
11504,DQ57467870,7月,B2C,,171,9,180,B2C含稅換算
11504,DQ57467871,7月,B2C,,514,26,540,B2C含稅換算
11504,DQ57467872,7月,B2C,,124,6,130,B2C含稅換算
11504,DQ57467873,7月,B2C,,257,13,270,B2C含稅換算
11504,DQ57467874,7月,B2C,,133,7,140,B2C含稅換算
11504,DQ57467875,7月,B2C,,38,2,40,B2C含稅換算
11504,DQ57467876,7月,B2C,,2286,114,2400,B2C含稅換算
11504,DQ57467877,7月,作廢,,0,0,0,
11504,DQ57467878,7月,B2B,87786870,390,20,410,
11504,DQ57467879,7月,B2C,,467,23,490,B2C含稅換算
11504,DQ57467880,7月,B2C,,152,8,160,B2C含稅換算
11504,DQ57467881,7月,B2C,,448,22,470,B2C含稅換算
11504,DQ57467882,7月,B2C,,62,3,65,B2C含稅換算
11504,DQ57467883,7月,B2C,,95,5,100,B2C含稅換算
11504,DQ57467884,7月,B2C,,143,7,150,B2C含稅換算
11504,DQ57467885,7月,B2C,,133,7,140,B2C含稅換算
11504,DQ57467886,7月,B2B,51811609,38,2,40,
11504,DQ57467887,7月,B2C,,124,6,130,B2C含稅換算
11504,DQ57467888,7月,B2C,,24,1,25,B2C含稅換算
11504,DQ57467889,7月,B2C,,143,7,150,B2C含稅換算
11504,DQ57467890,7月,B2C,,124,6,130,B2C含稅換算
11504,DQ57467891,7月,B2C,,38,2,40,B2C含稅換算
11504,DQ57467892,7月,B2C,,405,20,425,B2C含稅換算
11504,DQ57467893,7月,B2C,,48,2,50,B2C含稅換算
11504,DQ57467894,7月,B2C,,581,29,610,B2C含稅換算
11504,DQ57467895,7月,B2C,,162,8,170,B2C含稅換算
11504,DQ57467896,7月,B2C,,124,6,130,B2C含稅換算
11504,DQ57467897,7月,B2C,,62,3,65,B2C含稅換算
11504,DQ57467898,7月,B2C,,171,9,180,B2C含稅換算
11504,DQ57467899,7月,B2C,,38,2,40,B2C含稅換算
11504,DQ57467900,7月,B2C,,171,9,180,B2C含稅換算
11504,DQ57467901,7月,B2C,,71,4,75,B2C含稅換算
11504,DQ57467902,7月,B2C,,381,19,400,B2C含稅換算
11504,DQ57467903,7月,B2C,,124,6,130,B2C含稅換算
11504,DQ57467904,7月,B2C,,333,17,350,B2C含稅換算
11504,DQ57467905,7月,B2C,,62,3,65,B2C含稅換算
11504,DQ57467906,7月,B2C,,71,4,75,B2C含稅換算
11504,DQ57467907,7月,B2C,,276,14,290,B2C含稅換算
11504,DQ57467908,7月,B2C,,124,6,130,B2C含稅換算
11504,DQ57467909,7月,B2C,,124,6,130,B2C含稅換算
11504,DQ57467910,7月,B2C,,71,4,75,B2C含稅換算
11504,DQ57467911,7月,B2C,,190,10,200,B2C含稅換算
11504,DQ57467912,7月,B2C,,124,6,130,B2C含稅換算
11504,DQ57467913,7月,B2C,,124,6,130,B2C含稅換算
11504,DQ57467914,7月,B2C,,124,6,130,B2C含稅換算
11504,DQ57467915,7月,B2C,,124,6,130,B2C含稅換算
11504,DQ57467916,7月,B2C,,571,29,600,B2C含稅換算
11504,DQ57467917,7月,B2C,,295,15,310,B2C含稅換算
11504,DQ57467918,7月,B2C,,124,6,130,B2C含稅換算
11504,DQ57467919,7月,B2C,,152,8,160,B2C含稅換算
11504,DQ57467920,7月,B2C,,133,7,140,B2C含稅換算
11504,DQ57467921,7月,B2C,,95,5,100,B2C含稅換算
11504,DQ57467922,7月,B2C,,171,9,180,B2C含稅換算
11504,DQ57467923,7月,B2C,,295,15,310,B2C含稅換算
11504,DQ57467924,7月,B2C,,295,15,310,B2C含稅換算
11504,DQ57467925,7月,B2C,,143,7,150,B2C含稅換算
11504,DQ57467926,7月,B2C,,190,10,200,B2C含稅換算
11504,DQ57467927,7月,B2C,,124,6,130,B2C含稅換算
11504,DQ57467928,7月,B2C,,124,6,130,B2C含稅換算
11504,DQ57467929,7月,B2C,,38,2,40,B2C含稅換算
11504,DQ57467930,7月,B2C,,171,9,180,B2C含稅換算
11504,DQ57467931,7月,B2C,,124,6,130,B2C含稅換算
11504,DQ57467932,7月,B2C,,38,2,40,B2C含稅換算
11504,DQ57467933,7月,B2C,,124,6,130,B2C含稅換算
11504,DQ57467934,7月,B2C,,71,4,75,B2C含稅換算
11504,DQ57467935,7月,B2C,,152,8,160,B2C含稅換算
11504,DQ57467936,7月,B2C,,62,3,65,B2C含稅換算
11504,DQ57467937,7月,B2C,,71,4,75,B2C含稅換算
11504,DQ57467938,7月,B2C,,186,9,195,B2C含稅換算
11504,DQ57467939,7月,B2C,,124,6,130,B2C含稅換算
11504,DQ57467940,7月,B2C,,124,6,130,B2C含稅換算
11504,DQ57467941,7月,B2C,,857,43,900,B2C含稅換算
11504,DQ57467942,7月,B2C,,133,7,140,B2C含稅換算
11504,DQ57467943,7月,B2C,,205,10,215,B2C含稅換算
11504,DQ57467944,7月,B2C,,124,6,130,B2C含稅換算
11504,DQ57467945,7月,B2C,,286,14,300,B2C含稅換算
11504,DQ57467946,7月,B2C,,143,7,150,B2C含稅換算
11504,DQ57467947,7月,B2C,,48,2,50,B2C含稅換算
11504,DQ57467948,7月,B2C,,343,17,360,B2C含稅換算
11504,DQ57467949,7月,B2C,,462,23,485,B2C含稅換算
11504,DQ57467950,7月,B2C,,38,2,40,B2C含稅換算
11504,DQ57467951,7月,B2C,,143,7,150,B2C含稅換算
11504,DQ57467952,7月,B2C,,162,8,170,B2C含稅換算
11504,DQ57467953,7月,B2C,,286,14,300,B2C含稅換算
11504,DQ57467954,7月,B2C,,124,6,130,B2C含稅換算
11504,DQ57467955,7月,B2C,,162,8,170,B2C含稅換算
11504,DQ57467956,7月,B2C,,619,31,650,B2C含稅換算
11504,DQ57467957,7月,B2C,,38,2,40,B2C含稅換算
11504,DQ57467958,7月,B2C,,38,2,40,B2C含稅換算
11504,DQ57467959,7月,B2C,,1000,50,1050,B2C含稅換算
11504,DQ57467960,7月,B2C,,38,2,40,B2C含稅換算
11504,DQ57467961,7月,B2C,,248,12,260,B2C含稅換算
11504,DQ57467962,7月,B2C,,62,3,65,B2C含稅換算
11504,DQ57467963,7月,B2C,,248,12,260,B2C含稅換算
11504,DQ57467964,7月,B2C,,124,6,130,B2C含稅換算
11504,DQ57467965,7月,B2C,,38,2,40,B2C含稅換算
11504,DQ57467966,7月,B2C,,124,6,130,B2C含稅換算
11504,DQ57467967,7月,B2C,,124,6,130,B2C含稅換算
11504,DQ57467968,7月,B2C,,248,12,260,B2C含稅換算
11504,DQ57467969,7月,B2C,,62,3,65,B2C含稅換算
11504,DQ57467970,7月,B2C,,143,7,150,B2C含稅換算
11504,DQ57467971,7月,B2C,,62,3,65,B2C含稅換算
11504,DQ57467972,7月,B2C,,400,20,420,B2C含稅換算
11504,DQ57467973,7月,B2C,,248,12,260,B2C含稅換算
11504,DQ57467974,7月,B2C,,143,7,150,B2C含稅換算
11504,DQ57467975,7月,B2C,,38,2,40,B2C含稅換算
11504,DQ57467976,7月,B2C,,267,13,280,B2C含稅換算
11504,DQ57467977,7月,B2C,,238,12,250,B2C含稅換算
11504,DQ57467978,7月,B2C,,162,8,170,B2C含稅換算
11504,DQ57467979,7月,B2C,,152,8,160,B2C含稅換算
11504,DQ57467980,7月,B2C,,319,16,335,B2C含稅換算
11504,DQ57467981,7月,B2C,,552,28,580,B2C含稅換算
11504,DQ57467982,7月,B2C,,62,3,65,B2C含稅換算
11504,DQ57467983,7月,B2C,,257,13,270,B2C含稅換算
11504,DQ57467984,7月,B2C,,124,6,130,B2C含稅換算
11504,DQ57467985,7月,B2C,,286,14,300,B2C含稅換算
11504,DQ57467986,7月,B2C,,124,6,130,B2C含稅換算
11504,DQ57467987,7月,B2C,,62,3,65,B2C含稅換算
11504,DQ57467988,7月,B2C,,143,7,150,B2C含稅換算
11504,DQ57467989,7月,B2C,,429,21,450,B2C含稅換算
11504,DQ57467990,7月,B2C,,124,6,130,B2C含稅換算
11504,DQ57467991,7月,B2C,,838,42,880,B2C含稅換算
11504,DQ57467992,7月,B2C,,76,4,80,B2C含稅換算
11504,DQ57467993,7月,作廢,,0,0,0,
11504,DQ57467994,7月,B2C,,95,5,100,B2C含稅換算
11504,DQ57467995,7月,B2C,,48,2,50,B2C含稅換算
11504,DQ57467996,7月,B2C,,124,6,130,B2C含稅換算
11504,DQ57467997,7月,B2C,,38,2,40,B2C含稅換算
11504,DQ57467998,7月,B2C,,76,4,80,B2C含稅換算
11504,DQ57467999,7月,B2C,,124,6,130,B2C含稅換算
11504,DQ57468000,7月,B2C,,248,12,260,B2C含稅換算
11504,DQ57468001,7月,B2C,,267,13,280,B2C含稅換算
11504,DQ57468002,7月,B2C,,171,9,180,B2C含稅換算
11504,DQ57468003,7月,B2C,,124,6,130,B2C含稅換算
11504,DQ57468004,7月,B2C,,71,4,75,B2C含稅換算
11504,DQ57468005,7月,B2C,,143,7,150,B2C含稅換算
11504,DQ57468006,7月,B2C,,514,26,540,B2C含稅換算
11504,DQ57468007,7月,B2C,,62,3,65,B2C含稅換算
11504,DQ57468008,7月,B2C,,48,2,50,B2C含稅換算
11504,DQ57468009,7月,B2C,,267,13,280,B2C含稅換算
11504,DQ57468010,7月,B2C,,124,6,130,B2C含稅換算
11504,DQ57468011,7月,B2C,,124,6,130,B2C含稅換算
11504,DQ57468012,7月,B2C,,171,9,180,B2C含稅換算
11504,DQ57468013,7月,B2C,,162,8,170,B2C含稅換算
11504,DQ57468014,7月,B2C,,133,7,140,B2C含稅換算
11504,DQ57468015,7月,B2C,,71,4,75,B2C含稅換算
11504,DQ57468016,7月,B2C,,257,13,270,B2C含稅換算
11504,DQ57468017,7月,B2C,,133,7,140,B2C含稅換算
11504,DQ57468018,7月,B2C,,124,6,130,B2C含稅換算
11504,DQ57468019,7月,B2C,,48,2,50,B2C含稅換算
11504,DQ57468020,7月,B2C,,581,29,610,B2C含稅換算
11504,DQ57468021,7月,B2C,,314,16,330,B2C含稅換算
11504,DQ57468022,7月,B2C,,124,6,130,B2C含稅換算
11504,DQ57468023,7月,B2C,,248,12,260,B2C含稅換算
11504,DQ57468024,7月,B2C,,124,6,130,B2C含稅換算
11504,DQ57468025,7月,B2C,,143,7,150,B2C含稅換算
11504,DQ57468026,7月,B2C,,4000,200,4200,B2C含稅換算
11504,DQ57468027,7月,B2C,,186,9,195,B2C含稅換算
11504,DQ57468028,7月,B2C,,257,13,270,B2C含稅換算
11504,DQ57468029,7月,B2C,,171,9,180,B2C含稅換算
11504,DQ57468030,7月,B2C,,133,7,140,B2C含稅換算
11504,DQ57468031,7月,B2C,,71,4,75,B2C含稅換算
11504,DQ57468032,7月,B2C,,143,7,150,B2C含稅換算
11504,DQ57468033,7月,B2C,,143,7,150,B2C含稅換算
11504,DQ57468034,7月,B2C,,71,4,75,B2C含稅換算
11504,DQ57468035,7月,B2C,,267,13,280,B2C含稅換算
11504,DQ57468036,7月,B2C,,248,12,260,B2C含稅換算
11504,DQ57468037,7月,B2C,,152,8,160,B2C含稅換算
11504,DQ57468038,7月,B2C,,133,7,140,B2C含稅換算
11504,DQ57468039,7月,B2C,,248,12,260,B2C含稅換算
11504,DQ57468040,7月,B2C,,71,4,75,B2C含稅換算
11504,DQ57468041,7月,B2C,,248,12,260,B2C含稅換算
11504,DQ57468042,7月,B2C,,124,6,130,B2C含稅換算
11504,DQ57468043,7月,B2C,,124,6,130,B2C含稅換算
11504,DQ57468044,7月,B2C,,214,11,225,B2C含稅換算
11504,DQ57468045,7月,B2C,,48,2,50,B2C含稅換算
11504,DQ57468046,7月,B2C,,62,3,65,B2C含稅換算
11504,DQ57468047,7月,B2C,,124,6,130,B2C含稅換算
11504,DQ57468048,7月,B2C,,143,7,150,B2C含稅換算
11504,DQ57468049,7月,B2C,,124,6,130,B2C含稅換算
11504,DQ57468050,7月,B2C,,495,25,520,B2C含稅換算
11504,DQ57468051,7月,B2C,,143,7,150,B2C含稅換算
11504,DQ57468052,7月,B2C,,248,12,260,B2C含稅換算
11504,DQ57468053,7月,B2C,,600,30,630,B2C含稅換算
11504,DQ57468054,7月,B2C,,133,7,140,B2C含稅換算
11504,DQ57468055,7月,B2C,,257,13,270,B2C含稅換算
11504,DQ57468056,7月,B2C,,143,7,150,B2C含稅換算
11504,DQ57468057,7月,B2C,,62,3,65,B2C含稅換算
11504,DQ57468058,7月,B2C,,638,32,670,B2C含稅換算
11504,DQ57468059,7月,B2C,,324,16,340,B2C含稅換算
11504,DQ57468060,7月,B2C,,71,4,75,B2C含稅換算
11504,DQ57468061,7月,B2C,,267,13,280,B2C含稅換算
11504,DQ57468062,7月,B2C,,124,6,130,B2C含稅換算
11504,DQ57468063,7月,B2C,,162,8,170,B2C含稅換算
11504,DQ57468064,7月,B2C,,133,7,140,B2C含稅換算
11504,DQ57468065,7月,B2C,,43,2,45,B2C含稅換算
11504,DQ57468066,7月,B2C,,62,3,65,B2C含稅換算
11504,DQ57468067,7月,B2C,,186,9,195,B2C含稅換算
11504,DQ57468068,7月,B2C,,124,6,130,B2C含稅換算
11504,DQ57468069,7月,B2C,,57,3,60,B2C含稅換算
11504,DQ57468070,7月,B2C,,429,21,450,B2C含稅換算
11504,DQ57468071,7月,B2C,,124,6,130,B2C含稅換算
11504,DQ57468072,7月,B2C,,124,6,130,B2C含稅換算
11504,DQ57468073,7月,B2C,,129,6,135,B2C含稅換算
11504,DQ57468074,7月,B2C,,248,12,260,B2C含稅換算
11504,DQ57468075,7月,B2C,,190,10,200,B2C含稅換算
11504,DQ57468076,7月,B2C,,105,5,110,B2C含稅換算
11504,DQ57468077,7月,B2C,,38,2,40,B2C含稅換算
11504,DQ57468078,7月,B2C,,124,6,130,B2C含稅換算
11504,DQ57468079,7月,B2C,,38,2,40,B2C含稅換算
11504,DQ57468080,7月,B2C,,205,10,215,B2C含稅換算
11504,DQ57468081,7月,B2C,,62,3,65,B2C含稅換算
11504,DQ57468082,7月,B2C,,124,6,130,B2C含稅換算
11504,DQ57468083,7月,B2C,,152,8,160,B2C含稅換算
11504,DQ57468084,7月,B2C,,38,2,40,B2C含稅換算
11504,DQ57468085,7月,B2C,,124,6,130,B2C含稅換算
11504,DQ57468086,7月,B2C,,38,2,40,B2C含稅換算
11504,DQ57468087,7月,B2C,,152,8,160,B2C含稅換算
11504,DQ57468088,7月,B2C,,343,17,360,B2C含稅換算
11504,DQ57468089,7月,B2C,,171,9,180,B2C含稅換算
11504,DQ57468090,7月,B2C,,38,2,40,B2C含稅換算
11504,DQ57468091,7月,B2C,,62,3,65,B2C含稅換算
11504,DQ57468092,7月,B2C,,305,15,320,B2C含稅換算
11504,DQ57468093,7月,B2C,,71,4,75,B2C含稅換算
11504,DQ57468094,7月,B2C,,71,4,75,B2C含稅換算
11504,DQ57468095,7月,B2C,,186,9,195,B2C含稅換算
11504,DQ57468096,7月,B2C,,152,8,160,B2C含稅換算
11504,DQ57468097,7月,B2C,,62,3,65,B2C含稅換算
11504,DQ57468098,7月,B2C,,295,15,310,B2C含稅換算
11504,DQ57468099,7月,B2C,,124,6,130,B2C含稅換算
11504,DQ57468100,7月,B2C,,1143,57,1200,B2C含稅換算
11504,DQ57468101,7月,B2C,,38,2,40,B2C含稅換算
11504,DQ57468102,7月,B2C,,48,2,50,B2C含稅換算
11504,DQ57468103,7月,B2C,,62,3,65,B2C含稅換算
11504,DQ57468104,7月,B2C,,248,12,260,B2C含稅換算
11504,DQ57468105,7月,B2C,,124,6,130,B2C含稅換算
11504,DQ57468106,7月,B2C,,133,7,140,B2C含稅換算
11504,DQ57468107,7月,B2C,,152,8,160,B2C含稅換算
11504,DQ57468108,7月,B2C,,143,7,150,B2C含稅換算
11504,DQ57468109,7月,B2C,,38,2,40,B2C含稅換算
11504,DQ57468110,7月,B2C,,152,8,160,B2C含稅換算
11504,DQ57468111,7月,B2C,,38,2,40,B2C含稅換算
11504,DQ57468112,7月,B2C,,62,3,65,B2C含稅換算
11504,DQ57468113,7月,B2C,,124,6,130,B2C含稅換算
11504,DQ57468114,7月,B2C,,857,43,900,B2C含稅換算
11504,DQ57468115,7月,B2C,,124,6,130,B2C含稅換算
11504,DQ57468116,7月,B2C,,314,16,330,B2C含稅換算
11504,DQ57468117,7月,B2C,,195,10,205,B2C含稅換算
11504,DQ57468118,7月,B2C,,71,4,75,B2C含稅換算
11504,DQ57468119,7月,B2C,,152,8,160,B2C含稅換算
11504,DQ57468120,7月,B2C,,295,15,310,B2C含稅換算
11504,DQ57468121,7月,B2C,,62,3,65,B2C含稅換算
11504,DQ57468122,7月,B2C,,62,3,65,B2C含稅換算
11504,DQ57468123,7月,B2C,,71,4,75,B2C含稅換算
11504,DQ57468124,7月,B2C,,62,3,65,B2C含稅換算
11504,DQ57468125,7月,B2C,,71,4,75,B2C含稅換算
11504,DQ57468126,7月,B2C,,62,3,65,B2C含稅換算
11504,DQ57468127,7月,B2C,,143,7,150,B2C含稅換算
11504,DQ57468128,7月,B2C,,62,3,65,B2C含稅換算
11504,DQ57468129,7月,B2C,,124,6,130,B2C含稅換算
11504,DQ57468130,7月,B2C,,124,6,130,B2C含稅換算
11504,DQ57468131,7月,B2C,,267,13,280,B2C含稅換算
11504,DQ57468132,7月,B2C,,124,6,130,B2C含稅換算
11504,DQ57468133,7月,B2C,,248,12,260,B2C含稅換算
11504,DQ57468134,7月,B2C,,62,3,65,B2C含稅換算
11504,DQ57468135,7月,B2C,,62,3,65,B2C含稅換算
11504,DQ57468136,7月,B2C,,124,6,130,B2C含稅換算
11504,DQ57468137,7月,B2C,,257,13,270,B2C含稅換算
11504,DQ57468138,7月,B2C,,124,6,130,B2C含稅換算
11504,DQ57468139,7月,B2C,,514,26,540,B2C含稅換算
11504,DQ57468140,7月,B2C,,390,20,410,B2C含稅換算
11504,DQ57468141,7月,B2C,,152,8,160,B2C含稅換算
11504,DQ57468142,7月,B2C,,143,7,150,B2C含稅換算
11504,DQ57468143,7月,B2C,,143,7,150,B2C含稅換算
11504,DQ57468144,7月,B2C,,114,6,120,B2C含稅換算
11504,DQ57468145,7月,B2C,,124,6,130,B2C含稅換算
11504,DQ57468146,7月,B2C,,62,3,65,B2C含稅換算
11504,DQ57468147,7月,B2C,,124,6,130,B2C含稅換算
11504,DQ57468148,7月,B2C,,152,8,160,B2C含稅換算
11504,DQ57468149,7月,B2C,,62,3,65,B2C含稅換算
11504,DQ57468150,7月,B2C,,295,15,310,B2C含稅換算
11504,DQ57468151,7月,B2C,,314,16,330,B2C含稅換算
11504,DQ57468152,7月,B2C,,124,6,130,B2C含稅換算
11504,DQ57468153,7月,B2C,,95,5,100,B2C含稅換算
11504,DQ57468154,7月,B2C,,248,12,260,B2C含稅換算
11504,DQ57468155,7月,B2C,,190,10,200,B2C含稅換算
11504,DQ57468156,7月,B2C,,457,23,480,B2C含稅換算
11504,DQ57468157,7月,B2C,,48,2,50,B2C含稅換算
11504,DQ57468158,7月,B2C,,95,5,100,B2C含稅換算
11504,DQ57468159,7月,B2C,,124,6,130,B2C含稅換算
11504,DQ57468160,7月,B2C,,305,15,320,B2C含稅換算
11504,DQ57468161,7月,B2C,,76,4,80,B2C含稅換算
11504,DQ57468162,7月,B2C,,48,2,50,B2C含稅換算
11504,DQ57468163,7月,B2C,,505,25,530,B2C含稅換算
11504,DQ57468164,7月,B2C,,171,9,180,B2C含稅換算
11504,DQ57468165,7月,B2C,,219,11,230,B2C含稅換算
11504,DQ57468166,7月,作廢,,0,0,0,
11504,DQ57468167,7月,B2C,,381,19,400,B2C含稅換算
11504,DQ57468168,7月,B2C,,257,13,270,B2C含稅換算
11504,DQ57468169,7月,B2C,,467,23,490,B2C含稅換算
11504,DQ57468170,7月,B2C,,286,14,300,B2C含稅換算
11504,DQ57468171,7月,B2C,,248,12,260,B2C含稅換算
11504,DQ57468172,7月,B2C,,124,6,130,B2C含稅換算
11504,DQ57468173,7月,B2C,,124,6,130,B2C含稅換算
11504,DQ57468174,7月,B2C,,186,9,195,B2C含稅換算
11504,DQ57468175,7月,B2C,,343,17,360,B2C含稅換算
11504,DQ57468176,7月,B2C,,48,2,50,B2C含稅換算
11504,DQ57468177,7月,B2C,,305,15,320,B2C含稅換算
11504,DQ57468178,7月,B2C,,124,6,130,B2C含稅換算
11504,DQ57468179,7月,B2C,,48,2,50,B2C含稅換算
11504,DQ57468180,7月,B2C,,143,7,150,B2C含稅換算
11504,DQ57468181,7月,B2C,,124,6,130,B2C含稅換算
11504,DQ57468182,7月,B2C,,933,47,980,B2C含稅換算
11504,DQ57468183,7月,B2C,,124,6,130,B2C含稅換算
11504,DQ57468184,7月,B2C,,124,6,130,B2C含稅換算
11504,DQ57468185,7月,B2C,,429,21,450,B2C含稅換算
11504,DQ57468186,7月,B2C,,205,10,215,B2C含稅換算
11504,DQ57468187,7月,B2C,,267,13,280,B2C含稅換算
11504,DQ57468188,7月,B2C,,124,6,130,B2C含稅換算
11504,DQ57468189,7月,B2C,,124,6,130,B2C含稅換算
11504,DQ57468190,7月,B2C,,171,9,180,B2C含稅換算
11504,DQ57468191,7月,B2C,,124,6,130,B2C含稅換算
11504,DQ57468192,7月,B2C,,124,6,130,B2C含稅換算
11504,DQ57468193,7月,B2C,,124,6,130,B2C含稅換算
11504,DQ57468194,7月,B2C,,124,6,130,B2C含稅換算
11504,DQ57468195,7月,B2C,,143,7,150,B2C含稅換算
11504,DQ57468196,7月,B2C,,143,7,150,B2C含稅換算
11504,DQ57468197,7月,B2C,,48,2,50,B2C含稅換算
11504,DQ57468198,7月,B2C,,390,20,410,B2C含稅換算
11504,DQ57468199,7月,B2C,,171,9,180,B2C含稅換算
11504,DQ57468200,7月,B2C,,62,3,65,B2C含稅換算
11504,DQ57468201,7月,B2C,,124,6,130,B2C含稅換算
11504,DQ57468202,7月,B2C,,286,14,300,B2C含稅換算
11504,DQ57468203,7月,B2C,,276,14,290,B2C含稅換算
11504,DQ57468204,7月,B2C,,457,23,480,B2C含稅換算
11504,DQ57468205,7月,B2C,,295,15,310,B2C含稅換算
11504,DQ57468206,7月,B2C,,267,13,280,B2C含稅換算
11504,DQ57468207,7月,B2C,,143,7,150,B2C含稅換算
11504,DQ57468208,7月,B2C,,143,7,150,B2C含稅換算
11504,DQ57468209,7月,B2C,,576,29,605,B2C含稅換算
11504,DQ57468210,7月,B2C,,286,14,300,B2C含稅換算
11504,DQ57468211,7月,B2C,,62,3,65,B2C含稅換算
11504,DQ57468212,7月,B2C,,324,16,340,B2C含稅換算
11504,DQ57468213,7月,B2C,,314,16,330,B2C含稅換算
11504,DQ57468214,7月,B2C,,62,3,65,B2C含稅換算
11504,DQ57468215,7月,B2C,,124,6,130,B2C含稅換算
11504,DQ57468216,7月,B2C,,133,7,140,B2C含稅換算
11504,DQ57468217,7月,B2C,,124,6,130,B2C含稅換算
11504,DQ57468218,7月,B2C,,133,7,140,B2C含稅換算
11504,DQ57468219,7月,B2C,,114,6,120,B2C含稅換算
11504,DQ57468220,7月,B2C,,124,6,130,B2C含稅換算
11504,DQ57468221,7月,B2C,,48,2,50,B2C含稅換算
11504,DQ57468222,7月,B2C,,276,14,290,B2C含稅換算
11504,DQ57468223,7月,B2C,,143,7,150,B2C含稅換算
11504,DQ57468224,7月,B2C,,171,9,180,B2C含稅換算
11504,DQ57468225,7月,B2C,,124,6,130,B2C含稅換算
11504,DQ57468226,7月,B2C,,314,16,330,B2C含稅換算
11504,DQ57468227,7月,B2C,,171,9,180,B2C含稅換算
11504,DQ57468228,7月,B2C,,267,13,280,B2C含稅換算
11504,DQ57468229,7月,B2C,,48,2,50,B2C含稅換算
11504,DQ57468230,7月,B2C,,257,13,270,B2C含稅換算
11504,DQ57468231,7月,B2C,,38,2,40,B2C含稅換算
11504,DQ57468232,7月,B2C,,71,4,75,B2C含稅換算
11504,DQ57468233,7月,B2C,,124,6,130,B2C含稅換算
11504,DQ57468234,7月,B2C,,38,2,40,B2C含稅換算
11504,DQ57468235,7月,B2C,,57,3,60,B2C含稅換算
11504,DQ57468236,7月,B2C,,38,2,40,B2C含稅換算
11504,DQ57468237,7月,B2C,,48,2,50,B2C含稅換算
11504,DQ57468238,7月,B2C,,38,2,40,B2C含稅換算
11504,DQ57468239,7月,B2C,,495,25,520,B2C含稅換算
11504,DQ57468240,7月,B2C,,71,4,75,B2C含稅換算
11504,DQ57468241,7月,B2C,,143,7,150,B2C含稅換算
11504,DQ57468242,7月,B2C,,171,9,180,B2C含稅換算
11504,DQ57468243,7月,B2C,,38,2,40,B2C含稅換算
11504,DQ57468244,7月,B2C,,124,6,130,B2C含稅換算
11504,DQ57468245,7月,B2C,,71,4,75,B2C含稅換算
11504,DQ57468246,7月,B2C,,114,6,120,B2C含稅換算
11504,DQ57468247,7月,B2C,,171,9,180,B2C含稅換算
11504,DQ57468248,7月,B2C,,171,9,180,B2C含稅換算
11504,DQ57468249,7月,B2C,,76,4,80,B2C含稅換算
11504,DQ57468250,7月,B2C,,133,7,140,B2C含稅換算
11504,DQ57468251,7月,B2C,,171,9,180,B2C含稅換算
11504,DQ57468252,7月,作廢,,0,0,0,
11504,DQ57468253,7月,B2C,,1143,57,1200,B2C含稅換算
11504,DQ57468254,7月,B2C,,76,4,80,B2C含稅換算
11504,DQ57468255,7月,B2C,,76,4,80,B2C含稅換算
11504,DQ57468256,7月,B2C,,248,12,260,B2C含稅換算
11504,DQ57468257,7月,B2C,,38,2,40,B2C含稅換算
11504,DQ57468258,7月,B2C,,286,14,300,B2C含稅換算
11504,DQ57468259,7月,B2C,,124,6,130,B2C含稅換算
11504,DQ57468260,7月,B2C,,114,6,120,B2C含稅換算
11504,DQ57468261,7月,B2C,,1905,95,2000,B2C含稅換算
11504,DQ57468262,7月,B2C,,186,9,195,B2C含稅換算
11504,DQ57468263,7月,B2C,,305,15,320,B2C含稅換算
11504,DQ57468264,7月,B2C,,38,2,40,B2C含稅換算
11504,DQ57468265,7月,B2C,,248,12,260,B2C含稅換算
11504,DQ57468266,7月,B2C,,38,2,40,B2C含稅換算
11504,DQ57468267,7月,B2C,,295,15,310,B2C含稅換算
11504,DQ57468268,7月,B2C,,248,12,260,B2C含稅換算
11504,DQ57468269,7月,B2C,,124,6,130,B2C含稅換算
11504,DQ57468270,7月,B2C,,171,9,180,B2C含稅換算
11504,DQ57468271,7月,B2C,,124,6,130,B2C含稅換算
11504,DQ57468272,7月,B2C,,114,6,120,B2C含稅換算
11504,DQ57468273,7月,B2C,,186,9,195,B2C含稅換算
11504,DQ57468274,7月,B2C,,286,14,300,B2C含稅換算
11504,DQ57468275,7月,B2C,,248,12,260,B2C含稅換算
11504,DQ57468276,7月,B2C,,214,11,225,B2C含稅換算
11504,DQ57468277,7月,B2C,,129,6,135,B2C含稅換算
11504,DQ57468278,7月,B2C,,314,16,330,B2C含稅換算
11504,DQ57468279,7月,B2C,,143,7,150,B2C含稅換算
11504,DQ57468280,7月,B2C,,248,12,260,B2C含稅換算
11504,DQ57468281,7月,B2C,,152,8,160,B2C含稅換算
11504,DQ57468282,7月,B2C,,190,10,200,B2C含稅換算
11504,DQ57468283,7月,B2C,,143,7,150,B2C含稅換算
11504,DQ57468284,7月,B2C,,143,7,150,B2C含稅換算
11504,DQ57468285,7月,B2C,,133,7,140,B2C含稅換算
11504,DQ57468286,7月,B2C,,186,9,195,B2C含稅換算
11504,DQ57468287,7月,B2C,,514,26,540,B2C含稅換算
11504,DQ57468288,7月,B2C,,124,6,130,B2C含稅換算
11504,DQ57468289,7月,B2C,,171,9,180,B2C含稅換算
11504,DQ57468290,7月,B2C,,314,16,330,B2C含稅換算
11504,DQ57468291,7月,B2C,,186,9,195,B2C含稅換算
11504,DQ57468292,7月,B2C,,114,6,120,B2C含稅換算
11504,DQ57468293,7月,B2C,,143,7,150,B2C含稅換算
11504,DQ57468294,7月,B2C,,71,4,75,B2C含稅換算
11504,DQ57468295,7月,B2C,,124,6,130,B2C含稅換算
11504,DQ57468296,7月,作廢,,0,0,0,
11504,DQ57468297,7月,B2C,,267,13,280,B2C含稅換算
11504,DQ57468298,7月,B2C,,371,19,390,B2C含稅換算
11504,DQ57468299,7月,B2C,,133,7,140,B2C含稅換算
11504,DQ57468300,7月,B2C,,248,12,260,B2C含稅換算
11504,DQ57468301,7月,B2C,,438,22,460,B2C含稅換算
11504,DQ57468302,7月,B2C,,124,6,130,B2C含稅換算
11504,DQ57468303,7月,B2C,,124,6,130,B2C含稅換算
11504,DQ57468304,7月,B2C,,48,2,50,B2C含稅換算
11504,DQ57468305,7月,B2C,,186,9,195,B2C含稅換算
11504,DQ57468306,7月,B2C,,286,14,300,B2C含稅換算
11504,DQ57468307,7月,B2C,,71,4,75,B2C含稅換算
11504,DQ57468308,7月,B2C,,124,6,130,B2C含稅換算
11504,DQ57468309,7月,B2C,,62,3,65,B2C含稅換算
11504,DQ57468310,7月,B2C,,38,2,40,B2C含稅換算
11504,DQ57468311,7月,B2C,,133,7,140,B2C含稅換算
11504,DQ57468312,7月,B2C,,195,10,205,B2C含稅換算
11504,DQ57468313,7月,B2C,,143,7,150,B2C含稅換算
11504,DQ57468314,7月,B2C,,133,7,140,B2C含稅換算
11504,DQ57468315,7月,B2C,,62,3,65,B2C含稅換算
11504,DQ57468316,7月,B2C,,124,6,130,B2C含稅換算
11504,DQ57468317,7月,B2C,,62,3,65,B2C含稅換算
11504,DQ57468318,7月,B2C,,124,6,130,B2C含稅換算
11504,DQ57468319,7月,B2C,,124,6,130,B2C含稅換算
11504,DQ57468320,7月,B2C,,133,7,140,B2C含稅換算
11504,DQ57468321,7月,B2B,24962879,114,6,120,
11504,DQ57468322,7月,B2C,,124,6,130,B2C含稅換算
11504,DQ57468323,7月,B2C,,171,9,180,B2C含稅換算
11504,DQ57468324,7月,B2C,,124,6,130,B2C含稅換算
11504,DQ57468325,7月,B2C,,38,2,40,B2C含稅換算
11504,DQ57468326,7月,B2C,,438,22,460,B2C含稅換算
11504,DQ57468327,8月,B2C,,581,29,610,B2C含稅換算
11504,DQ57468328,8月,B2C,,133,7,140,B2C含稅換算
11504,DQ57468329,8月,B2C,,152,8,160,B2C含稅換算
11504,DQ57468330,8月,B2C,,171,9,180,B2C含稅換算
11504,DQ57468331,8月,B2C,,124,6,130,B2C含稅換算
11504,DQ57468332,8月,B2C,,381,19,400,B2C含稅換算
11504,DQ57468333,8月,B2C,,467,23,490,B2C含稅換算
11504,DQ57468334,8月,B2C,,124,6,130,B2C含稅換算
11504,DQ57468335,8月,B2C,,295,15,310,B2C含稅換算
11504,DQ57468336,8月,B2C,,171,9,180,B2C含稅換算
11504,DQ57468337,8月,B2C,,124,6,130,B2C含稅換算
11504,DQ57468338,8月,B2C,,248,12,260,B2C含稅換算
11504,DQ57468339,8月,B2C,,124,6,130,B2C含稅換算
11504,DQ57468340,8月,B2C,,295,15,310,B2C含稅換算
11504,DQ57468341,8月,B2C,,48,2,50,B2C含稅換算
11504,DQ57468342,8月,B2C,,62,3,65,B2C含稅換算
11504,DQ57468343,8月,B2C,,286,14,300,B2C含稅換算
11504,DQ57468344,8月,B2B,23641301,124,6,130,
11504,DQ57468345,8月,B2C,,295,15,310,B2C含稅換算
11504,DQ57468346,8月,B2C,,124,6,130,B2C含稅換算
11504,DQ57468347,8月,B2C,,295,15,310,B2C含稅換算
11504,DQ57468348,8月,B2C,,195,10,205,B2C含稅換算
11504,DQ57468349,8月,B2B,29074233,95,5,100,
11504,DQ57468350,8月,B2C,,333,17,350,B2C含稅換算
11504,DQ57468351,8月,B2C,,195,10,205,B2C含稅換算
11504,DQ57468352,8月,B2C,,390,20,410,B2C含稅換算
11504,DQ57468353,8月,B2C,,62,3,65,B2C含稅換算
11504,DQ57468354,8月,B2C,,171,9,180,B2C含稅換算
11504,DQ57468355,8月,B2C,,143,7,150,B2C含稅換算
11504,DQ57468356,8月,B2C,,62,3,65,B2C含稅換算
11504,DQ57468357,8月,B2C,,71,4,75,B2C含稅換算
11504,DQ57468358,8月,B2C,,171,9,180,B2C含稅換算
11504,DQ57468359,8月,B2C,,62,3,65,B2C含稅換算
11504,DQ57468360,8月,B2C,,314,16,330,B2C含稅換算
11504,DQ57468361,8月,B2C,,276,14,290,B2C含稅換算
11504,DQ57468362,8月,B2C,,152,8,160,B2C含稅換算
11504,DQ57468363,8月,B2C,,171,9,180,B2C含稅換算
11504,DQ57468364,8月,B2C,,62,3,65,B2C含稅換算
11504,DQ57468365,8月,B2C,,71,4,75,B2C含稅換算
11504,DQ57468366,8月,B2C,,48,2,50,B2C含稅換算
11504,DQ57468367,8月,B2C,,124,6,130,B2C含稅換算
11504,DQ57468368,8月,B2C,,333,17,350,B2C含稅換算
11504,DQ57468369,8月,B2C,,62,3,65,B2C含稅換算
11504,DQ57468370,8月,B2C,,124,6,130,B2C含稅換算
11504,DQ57468371,8月,B2C,,305,15,320,B2C含稅換算
11504,DQ57468372,8月,B2C,,295,15,310,B2C含稅換算
11504,DQ57468373,8月,B2C,,133,7,140,B2C含稅換算
11504,DQ57468374,8月,B2C,,62,3,65,B2C含稅換算
11504,DQ57468375,8月,B2C,,171,9,180,B2C含稅換算
11504,DQ57468376,8月,B2C,,857,43,900,B2C含稅換算
11504,DQ57468377,8月,B2C,,133,7,140,B2C含稅換算
11504,DQ57468378,8月,B2C,,71,4,75,B2C含稅換算
11504,DQ57468379,8月,B2C,,62,3,65,B2C含稅換算
11504,DQ57468380,8月,B2C,,62,3,65,B2C含稅換算
11504,DQ57468381,8月,B2C,,48,2,50,B2C含稅換算
11504,DQ57468382,8月,B2C,,257,13,270,B2C含稅換算
11504,DQ57468383,8月,B2C,,48,2,50,B2C含稅換算
11504,DQ57468384,8月,B2C,,171,9,180,B2C含稅換算
11504,DQ57468385,8月,B2C,,124,6,130,B2C含稅換算
11504,DQ57468386,8月,B2C,,171,9,180,B2C含稅換算
11504,DQ57468387,8月,B2C,,62,3,65,B2C含稅換算
11504,DQ57468388,8月,B2C,,143,7,150,B2C含稅換算
11504,DQ57468389,8月,B2C,,143,7,150,B2C含稅換算
11504,DQ57468390,8月,B2C,,219,11,230,B2C含稅換算
11504,DQ57468391,8月,B2C,,190,10,200,B2C含稅換算
11504,DQ57468392,8月,B2C,,714,36,750,B2C含稅換算
11504,DQ57468393,8月,B2C,,171,9,180,B2C含稅換算
11504,DQ57468394,8月,B2C,,95,5,100,B2C含稅換算
11504,DQ57468395,8月,B2C,,95,5,100,B2C含稅換算
11504,DQ57468396,8月,B2C,,305,15,320,B2C含稅換算
11504,DQ57468397,8月,B2C,,71,4,75,B2C含稅換算
11504,DQ57468398,8月,B2C,,152,8,160,B2C含稅換算
11504,DQ57468399,8月,B2C,,124,6,130,B2C含稅換算
11504,DQ57468400,8月,B2C,,124,6,130,B2C含稅換算
11504,DQ57468401,8月,B2C,,71,4,75,B2C含稅換算
11504,DQ57468402,8月,B2C,,62,3,65,B2C含稅換算
11504,DQ57468403,8月,B2C,,143,7,150,B2C含稅換算
11504,DQ57468404,8月,B2C,,590,30,620,B2C含稅換算
11504,DQ57468405,8月,B2C,,71,4,75,B2C含稅換算
11504,DQ57468406,8月,B2C,,124,6,130,B2C含稅換算
11504,DQ57468407,8月,B2C,,124,6,130,B2C含稅換算
11504,DQ57468408,8月,作廢,,0,0,0,
11504,DQ57468409,8月,B2C,,295,15,310,B2C含稅換算
11504,DQ57468410,8月,B2C,,124,6,130,B2C含稅換算
11504,DQ57468411,8月,B2C,,714,36,750,B2C含稅換算
11504,DQ57468412,8月,B2C,,219,11,230,B2C含稅換算
11504,DQ57468413,8月,B2C,,62,3,65,B2C含稅換算
11504,DQ57468414,8月,B2C,,133,7,140,B2C含稅換算
11504,DQ57468415,8月,B2C,,124,6,130,B2C含稅換算
11504,DQ57468416,8月,B2C,,714,36,750,B2C含稅換算
11504,DQ57468417,8月,B2C,,295,15,310,B2C含稅換算
11504,DQ57468418,8月,B2C,,133,7,140,B2C含稅換算
11504,DQ57468419,8月,B2C,,124,6,130,B2C含稅換算
11504,DQ57468420,8月,B2C,,143,7,150,B2C含稅換算
11504,DQ57468421,8月,B2C,,124,6,130,B2C含稅換算
11504,DQ57468422,8月,B2C,,171,9,180,B2C含稅換算
11504,DQ57468423,8月,B2C,,62,3,65,B2C含稅換算
11504,DQ57468424,8月,B2C,,1429,71,1500,B2C含稅換算
11504,DQ57468425,8月,B2C,,124,6,130,B2C含稅換算
11504,DQ57468426,8月,B2C,,124,6,130,B2C含稅換算
11504,DQ57468427,8月,B2C,,152,8,160,B2C含稅換算
11504,DQ57468428,8月,B2C,,205,10,215,B2C含稅換算
11504,DQ57468429,8月,B2C,,71,4,75,B2C含稅換算
11504,DQ57468430,8月,B2C,,62,3,65,B2C含稅換算
11504,DQ57468431,8月,B2C,,48,2,50,B2C含稅換算
11504,DQ57468432,8月,B2C,,143,7,150,B2C含稅換算
11504,DQ57468433,8月,B2C,,95,5,100,B2C含稅換算
11504,DQ57468434,8月,B2C,,48,2,50,B2C含稅換算
11504,DQ57468435,8月,B2C,,410,20,430,B2C含稅換算
11504,DQ57468436,8月,B2C,,124,6,130,B2C含稅換算
11504,DQ57468437,8月,B2C,,590,30,620,B2C含稅換算
11504,DQ57468438,8月,B2C,,171,9,180,B2C含稅換算
11504,DQ57468439,8月,B2C,,62,3,65,B2C含稅換算
11504,DQ57468440,8月,B2C,,124,6,130,B2C含稅換算
11504,DQ57468441,8月,B2C,,71,4,75,B2C含稅換算
11504,DQ57468442,8月,B2C,,457,23,480,B2C含稅換算
11504,DQ57468443,8月,B2C,,143,7,150,B2C含稅換算
11504,DQ57468444,8月,B2C,,124,6,130,B2C含稅換算
11504,DQ57468445,8月,B2C,,38,2,40,B2C含稅換算
11504,DQ57468446,8月,B2C,,71,4,75,B2C含稅換算
11504,DQ57468447,8月,B2C,,133,7,140,B2C含稅換算
11504,DQ57468448,8月,B2C,,133,7,140,B2C含稅換算
11504,DQ57468449,8月,B2C,,143,7,150,B2C含稅換算
11504,DQ57468450,8月,B2C,,629,31,660,B2C含稅換算
11504,DQ57468451,8月,B2C,,124,6,130,B2C含稅換算
11504,DQ57468452,8月,B2C,,71,4,75,B2C含稅換算
11504,DQ57468453,8月,B2C,,171,9,180,B2C含稅換算
11504,DQ57468454,8月,B2C,,295,15,310,B2C含稅換算
11504,DQ57468455,8月,B2C,,124,6,130,B2C含稅換算
11504,DQ57468456,8月,B2C,,152,8,160,B2C含稅換算
11504,DQ57468457,8月,B2C,,62,3,65,B2C含稅換算
11504,DQ57468458,8月,B2C,,267,13,280,B2C含稅換算
11504,DQ57468459,8月,B2C,,124,6,130,B2C含稅換算
11504,DQ57468460,8月,B2C,,62,3,65,B2C含稅換算
11504,DQ57468461,8月,B2C,,371,19,390,B2C含稅換算
11504,DQ57468462,8月,B2C,,248,12,260,B2C含稅換算
11504,DQ57468463,8月,B2C,,152,8,160,B2C含稅換算
11504,DQ57468464,8月,B2C,,38,2,40,B2C含稅換算
11504,DQ57468465,8月,B2C,,71,4,75,B2C含稅換算
11504,DQ57468466,8月,B2C,,62,3,65,B2C含稅換算
11504,DQ57468467,8月,B2C,,62,3,65,B2C含稅換算
11504,DQ57468468,8月,B2C,,62,3,65,B2C含稅換算
11504,DQ57468469,8月,B2C,,62,3,65,B2C含稅換算
11504,DQ57468470,8月,B2C,,124,6,130,B2C含稅換算
11504,DQ57468471,8月,B2C,,124,6,130,B2C含稅換算
11504,DQ57468472,8月,B2C,,124,6,130,B2C含稅換算
11504,DQ57468473,8月,B2C,,71,4,75,B2C含稅換算
11504,DQ57468474,8月,B2C,,62,3,65,B2C含稅換算
11504,DQ57468475,8月,B2C,,124,6,130,B2C含稅換算
11504,DQ57468476,8月,B2C,,71,4,75,B2C含稅換算
11504,DQ57468477,8月,B2C,,38,2,40,B2C含稅換算
11504,DQ57468478,8月,B2C,,343,17,360,B2C含稅換算
11504,DQ57468479,8月,B2C,,38,2,40,B2C含稅換算
11504,DQ57468480,8月,B2C,,143,7,150,B2C含稅換算
11504,DQ57468481,8月,B2C,,143,7,150,B2C含稅換算
11504,DQ57468482,8月,B2C,,152,8,160,B2C含稅換算
11504,DQ57468483,8月,B2C,,381,19,400,B2C含稅換算
11504,DQ57468484,8月,B2C,,19,1,20,B2C含稅換算
11504,DQ57468485,8月,B2C,,71,4,75,B2C含稅換算
11504,DQ57468486,8月,B2C,,124,6,130,B2C含稅換算
11504,DQ57468487,8月,B2C,,38,2,40,B2C含稅換算
11504,DQ57468488,8月,B2C,,114,6,120,B2C含稅換算
11504,DQ57468489,8月,B2C,,124,6,130,B2C含稅換算
11504,DQ57468490,8月,B2C,,133,7,140,B2C含稅換算
11504,DQ57468491,8月,B2C,,71,4,75,B2C含稅換算
11504,DQ57468492,8月,B2C,,62,3,65,B2C含稅換算
11504,DQ57468493,8月,B2C,,62,3,65,B2C含稅換算
11504,DQ57468494,8月,B2C,,62,3,65,B2C含稅換算
11504,DQ57468495,8月,B2C,,267,13,280,B2C含稅換算
11504,DQ57468496,8月,B2C,,319,16,335,B2C含稅換算
11504,DQ57468497,8月,B2C,,686,34,720,B2C含稅換算
11504,DQ57468498,8月,B2C,,124,6,130,B2C含稅換算
11504,DQ57468499,8月,B2C,,124,6,130,B2C含稅換算
11504,DQ57468500,8月,B2C,,124,6,130,B2C含稅換算
11504,DQ57468501,8月,B2C,,38,2,40,B2C含稅換算
11504,DQ57468502,8月,B2C,,38,2,40,B2C含稅換算
11504,DQ57468503,8月,B2C,,48,2,50,B2C含稅換算
11504,DQ57468504,8月,B2C,,124,6,130,B2C含稅換算
11504,DQ57468505,8月,B2C,,124,6,130,B2C含稅換算
11504,DQ57468506,8月,B2C,,62,3,65,B2C含稅換算
11504,DQ57468507,8月,B2C,,152,8,160,B2C含稅換算
11504,DQ57468508,8月,B2C,,48,2,50,B2C含稅換算
11504,DQ57468509,8月,B2C,,143,7,150,B2C含稅換算
11504,DQ57468510,8月,B2C,,143,7,150,B2C含稅換算
11504,DQ57468511,8月,B2C,,114,6,120,B2C含稅換算
11504,DQ57468512,8月,B2C,,190,10,200,B2C含稅換算
11504,DQ57468513,8月,B2C,,171,9,180,B2C含稅換算
11504,DQ57468514,8月,B2C,,171,9,180,B2C含稅換算
11504,DQ57468515,8月,B2C,,133,7,140,B2C含稅換算
11504,DQ57468516,8月,B2C,,143,7,150,B2C含稅換算
11504,DQ57468517,8月,B2C,,276,14,290,B2C含稅換算
11504,DQ57468518,8月,B2C,,305,15,320,B2C含稅換算
11504,DQ57468519,8月,B2C,,171,9,180,B2C含稅換算
11504,DQ57468520,8月,B2C,,143,7,150,B2C含稅換算
11504,DQ57468521,8月,B2C,,324,16,340,B2C含稅換算
11504,DQ57468522,8月,B2C,,171,9,180,B2C含稅換算
11504,DQ57468523,8月,B2C,,124,6,130,B2C含稅換算
11504,DQ57468524,8月,B2C,,62,3,65,B2C含稅換算
11504,DQ57468525,8月,B2C,,248,12,260,B2C含稅換算
11504,DQ57468526,8月,B2C,,390,20,410,B2C含稅換算
11504,DQ57468527,8月,B2C,,62,3,65,B2C含稅換算
11504,DQ57468528,8月,B2C,,71,4,75,B2C含稅換算
11504,DQ57468529,8月,B2C,,71,4,75,B2C含稅換算
11504,DQ57468530,8月,B2B,70526443,143,7,150,
11504,DQ57468531,8月,B2C,,143,7,150,B2C含稅換算
11504,DQ57468532,8月,B2C,,124,6,130,B2C含稅換算
11504,DQ57468533,8月,B2C,,124,6,130,B2C含稅換算
11504,DQ57468534,8月,B2C,,124,6,130,B2C含稅換算
11504,DQ57468535,8月,B2C,,62,3,65,B2C含稅換算
11504,DQ57468536,8月,B2C,,286,14,300,B2C含稅換算
11504,DQ57468537,8月,B2C,,124,6,130,B2C含稅換算
11504,DQ57468538,8月,B2C,,143,7,150,B2C含稅換算
11504,DQ57468539,8月,B2C,,62,3,65,B2C含稅換算
11504,DQ57468540,8月,B2C,,410,20,430,B2C含稅換算
11504,DQ57468541,8月,B2C,,619,31,650,B2C含稅換算
11504,DQ57468542,8月,B2C,,190,10,200,B2C含稅換算
11504,DQ57468543,8月,B2C,,295,15,310,B2C含稅換算
11504,DQ57468544,8月,B2C,,124,6,130,B2C含稅換算
11504,DQ57468545,8月,B2C,,305,15,320,B2C含稅換算
11504,DQ57468546,8月,B2C,,48,2,50,B2C含稅換算
11504,DQ57468547,8月,B2C,,143,7,150,B2C含稅換算
11504,DQ57468548,8月,B2C,,286,14,300,B2C含稅換算
11504,DQ57468549,8月,B2C,,295,15,310,B2C含稅換算
11504,DQ57468550,8月,B2C,,62,3,65,B2C含稅換算
11504,DQ57468551,8月,B2C,,143,7,150,B2C含稅換算
11504,DQ57468552,8月,B2C,,295,15,310,B2C含稅換算
11504,DQ57468553,8月,B2C,,133,7,140,B2C含稅換算
11504,DQ57468554,8月,B2C,,171,9,180,B2C含稅換算
11504,DQ57468555,8月,B2C,,71,4,75,B2C含稅換算
11504,DQ57468556,8月,B2C,,133,7,140,B2C含稅換算
11504,DQ57468557,8月,B2C,,124,6,130,B2C含稅換算
11504,DQ57468558,8月,B2C,,295,15,310,B2C含稅換算
11504,DQ57468559,8月,B2C,,71,4,75,B2C含稅換算
11504,DQ57468560,8月,B2C,,133,7,140,B2C含稅換算
11504,DQ57468561,8月,B2C,,257,13,270,B2C含稅換算
11504,DQ57468562,8月,B2C,,267,13,280,B2C含稅換算
11504,DQ57468563,8月,B2B,42573508,286,14,300,
11504,DQ57468564,8月,B2C,,971,49,1020,B2C含稅換算
11504,DQ57468565,8月,B2C,,124,6,130,B2C含稅換算
11504,DQ57468566,8月,B2C,,190,10,200,B2C含稅換算
11504,DQ57468567,8月,B2C,,238,12,250,B2C含稅換算
11504,DQ57468568,8月,B2C,,62,3,65,B2C含稅換算
11504,DQ57468569,8月,B2C,,286,14,300,B2C含稅換算
11504,DQ57468570,8月,B2C,,133,7,140,B2C含稅換算
11504,DQ57468571,8月,B2C,,124,6,130,B2C含稅換算
11504,DQ57468572,8月,B2C,,143,7,150,B2C含稅換算
11504,DQ57468573,8月,B2C,,124,6,130,B2C含稅換算
11504,DQ57468574,8月,B2C,,124,6,130,B2C含稅換算
11504,DQ57468575,8月,B2C,,286,14,300,B2C含稅換算
11504,DQ57468576,8月,B2C,,124,6,130,B2C含稅換算
11504,DQ57468577,8月,B2C,,457,23,480,B2C含稅換算
11504,DQ57468578,8月,B2C,,95,5,100,B2C含稅換算
11504,DQ57468579,8月,B2C,,48,2,50,B2C含稅換算
11504,DQ57468580,8月,B2C,,124,6,130,B2C含稅換算
11504,DQ57468581,8月,B2C,,71,4,75,B2C含稅換算
11504,DQ57468582,8月,B2C,,143,7,150,B2C含稅換算
11504,DQ57468583,8月,B2C,,48,2,50,B2C含稅換算
11504,DQ57468584,8月,B2C,,610,30,640,B2C含稅換算
11504,DQ57468585,8月,B2C,,95,5,100,B2C含稅換算
11504,DQ57468586,8月,B2C,,276,14,290,B2C含稅換算
11504,DQ57468587,8月,B2C,,124,6,130,B2C含稅換算
11504,DQ57468588,8月,B2C,,124,6,130,B2C含稅換算
11504,DQ57468589,8月,B2C,,133,7,140,B2C含稅換算
11504,DQ57468590,8月,B2C,,62,3,65,B2C含稅換算
11504,DQ57468591,8月,B2C,,319,16,335,B2C含稅換算
11504,DQ57468592,8月,B2C,,124,6,130,B2C含稅換算
11504,DQ57468593,8月,B2C,,286,14,300,B2C含稅換算
11504,DQ57468594,8月,B2C,,124,6,130,B2C含稅換算
11504,DQ57468595,8月,B2C,,62,3,65,B2C含稅換算
11504,DQ57468596,8月,B2C,,190,10,200,B2C含稅換算
11504,DQ57468597,8月,B2C,,162,8,170,B2C含稅換算
11504,DQ57468598,8月,B2C,,62,3,65,B2C含稅換算
11504,DQ57468599,8月,B2C,,457,23,480,B2C含稅換算
11504,DQ57468600,8月,B2C,,124,6,130,B2C含稅換算
11504,DQ57468601,8月,B2C,,429,21,450,B2C含稅換算
11504,DQ57468602,8月,B2C,,186,9,195,B2C含稅換算
11504,DQ57468603,8月,B2C,,71,4,75,B2C含稅換算
11504,DQ57468604,8月,B2C,,143,7,150,B2C含稅換算
11504,DQ57468605,8月,B2C,,319,16,335,B2C含稅換算
11504,DQ57468606,8月,B2C,,48,2,50,B2C含稅換算
11504,DQ57468607,8月,B2C,,238,12,250,B2C含稅換算
11504,DQ57468608,8月,B2C,,71,4,75,B2C含稅換算
11504,DQ57468609,8月,B2C,,62,3,65,B2C含稅換算
11504,DQ57468610,8月,B2C,,133,7,140,B2C含稅換算
11504,DQ57468611,8月,B2C,,76,4,80,B2C含稅換算
11504,DQ57468612,8月,B2B,22681607,248,12,260,
11504,DQ57468613,8月,B2C,,248,12,260,B2C含稅換算
11504,DQ57468614,8月,B2C,,162,8,170,B2C含稅換算
11504,DQ57468615,8月,B2C,,2790,140,2930,B2C含稅換算
11504,DQ57468616,8月,B2C,,124,6,130,B2C含稅換算
11504,DQ57468617,8月,B2C,,124,6,130,B2C含稅換算
11504,DQ57468618,8月,B2C,,133,7,140,B2C含稅換算
11504,DQ57468619,8月,B2C,,124,6,130,B2C含稅換算
11504,DQ57468620,8月,B2C,,124,6,130,B2C含稅換算
11504,DQ57468621,8月,B2C,,629,31,660,B2C含稅換算
11504,DQ57468622,8月,B2C,,124,6,130,B2C含稅換算
11504,DQ57468623,8月,B2C,,286,14,300,B2C含稅換算
11504,DQ57468624,8月,B2C,,143,7,150,B2C含稅換算
11504,DQ57468625,8月,B2C,,143,7,150,B2C含稅換算
11504,DQ57468626,8月,B2C,,305,15,320,B2C含稅換算
11504,DQ57468627,8月,B2C,,76,4,80,B2C含稅換算
11504,DQ57468628,8月,B2C,,124,6,130,B2C含稅換算
11504,DQ57468629,8月,B2C,,248,12,260,B2C含稅換算
11504,DQ57468630,8月,B2C,,171,9,180,B2C含稅換算
11504,DQ57468631,8月,B2C,,314,16,330,B2C含稅換算
11504,DQ57468632,8月,B2C,,543,27,570,B2C含稅換算
11504,DQ57468633,8月,B2C,,57,3,60,B2C含稅換算
11504,DQ57468634,8月,B2C,,29,1,30,B2C含稅換算
11504,DQ57468635,8月,B2C,,124,6,130,B2C含稅換算
11504,DQ57468636,8月,B2C,,162,8,170,B2C含稅換算
11504,DQ57468637,8月,B2C,,38,2,40,B2C含稅換算
11504,DQ57468638,8月,B2C,,1476,74,1550,B2C含稅換算
11504,DQ57468639,8月,B2C,,124,6,130,B2C含稅換算
11504,DQ57468640,8月,作廢,,0,0,0,
11504,DQ57468641,8月,B2C,,152,8,160,B2C含稅換算
11504,DQ57468642,8月,B2C,,38,2,40,B2C含稅換算
11504,DQ57468643,8月,B2C,,38,2,40,B2C含稅換算
11504,DQ57468644,8月,B2C,,38,2,40,B2C含稅換算
11504,DQ57468645,8月,B2C,,171,9,180,B2C含稅換算
11504,DQ57468646,8月,B2C,,124,6,130,B2C含稅換算
11504,DQ57468647,8月,B2C,,38,2,40,B2C含稅換算
11504,DQ57468648,8月,B2C,,133,7,140,B2C含稅換算
11504,DQ57468649,8月,B2C,,38,2,40,B2C含稅換算
11504,DQ57468650,8月,B2C,,38,2,40,B2C含稅換算
11504,DQ57468651,8月,B2C,,124,6,130,B2C含稅換算
11504,DQ57468652,8月,B2C,,152,8,160,B2C含稅換算
11504,DQ57468653,8月,B2C,,38,2,40,B2C含稅換算
11504,DQ57468654,8月,B2C,,171,9,180,B2C含稅換算
11504,DQ57468655,8月,B2C,,124,6,130,B2C含稅換算
11504,DQ57468656,8月,B2C,,38,2,40,B2C含稅換算
11504,DQ57468657,8月,B2C,,62,3,65,B2C含稅換算
11504,DQ57468658,8月,B2C,,286,14,300,B2C含稅換算
11504,DQ57468659,8月,B2C,,171,9,180,B2C含稅換算
11504,DQ57468660,8月,B2C,,62,3,65,B2C含稅換算
11504,DQ57468661,8月,B2C,,62,3,65,B2C含稅換算
11504,DQ57468662,8月,B2C,,295,15,310,B2C含稅換算
11504,DQ57468663,8月,B2C,,186,9,195,B2C含稅換算
11504,DQ57468664,8月,B2C,,38,2,40,B2C含稅換算
11504,DQ57468665,8月,B2C,,186,9,195,B2C含稅換算
11504,DQ57468666,8月,B2C,,57,3,60,B2C含稅換算
11504,DQ57468667,8月,B2C,,38,2,40,B2C含稅換算
11504,DQ57468668,8月,B2C,,124,6,130,B2C含稅換算
11504,DQ57468669,8月,B2C,,38,2,40,B2C含稅換算
11504,DQ57468670,8月,B2C,,62,3,65,B2C含稅換算
11504,DQ57468671,8月,B2C,,38,2,40,B2C含稅換算
11504,DQ57468672,8月,B2C,,38,2,40,B2C含稅換算
11504,DQ57468673,8月,B2C,,62,3,65,B2C含稅換算
11504,DQ57468674,8月,B2C,,186,9,195,B2C含稅換算
11504,DQ57468675,8月,B2C,,124,6,130,B2C含稅換算
11504,DQ57468676,8月,B2C,,62,3,65,B2C含稅換算
11504,DQ57468677,8月,B2C,,205,10,215,B2C含稅換算
11504,DQ57468678,8月,B2C,,124,6,130,B2C含稅換算
11504,DQ57468679,8月,B2C,,124,6,130,B2C含稅換算
11504,DQ57468680,8月,B2C,,248,12,260,B2C含稅換算
11504,DQ57468681,8月,B2C,,62,3,65,B2C含稅換算
11504,DQ57468682,8月,B2C,,410,20,430,B2C含稅換算
11504,DQ57468683,8月,B2C,,124,6,130,B2C含稅換算
11504,DQ57468684,8月,B2C,,114,6,120,B2C含稅換算
11504,DQ57468685,8月,B2C,,62,3,65,B2C含稅換算
11504,DQ57468686,8月,B2C,,143,7,150,B2C含稅換算
11504,DQ57468687,8月,B2C,,295,15,310,B2C含稅換算
11504,DQ57468688,8月,B2C,,190,10,200,B2C含稅換算
11504,DQ57468689,8月,B2C,,152,8,160,B2C含稅換算
11504,DQ57468690,8月,B2C,,124,6,130,B2C含稅換算
11504,DQ57468691,8月,B2C,,152,8,160,B2C含稅換算
11504,DQ57468692,8月,B2C,,143,7,150,B2C含稅換算
11504,DQ57468693,8月,B2C,,267,13,280,B2C含稅換算
11504,DQ57468694,8月,B2C,,95,5,100,B2C含稅換算
11504,DQ57468695,8月,B2C,,114,6,120,B2C含稅換算
11504,DQ57468696,8月,B2C,,62,3,65,B2C含稅換算
11504,DQ57468697,8月,B2C,,38,2,40,B2C含稅換算
11504,DQ57468698,8月,B2C,,95,5,100,B2C含稅換算
11504,DQ57468699,8月,B2C,,295,15,310,B2C含稅換算
11504,DQ57468700,8月,B2C,,267,13,280,B2C含稅換算
11504,DQ57468701,8月,B2C,,190,10,200,B2C含稅換算
11504,DQ57468702,8月,B2C,,267,13,280,B2C含稅換算
11504,DQ57468703,8月,B2C,,124,6,130,B2C含稅換算
11504,DQ57468704,8月,B2C,,62,3,65,B2C含稅換算
11504,DQ57468705,8月,B2C,,152,8,160,B2C含稅換算
11504,DQ57468706,8月,B2C,,305,15,320,B2C含稅換算
11504,DQ57468707,8月,B2C,,143,7,150,B2C含稅換算
11504,DQ57468708,8月,B2C,,248,12,260,B2C含稅換算
11504,DQ57468709,8月,B2C,,143,7,150,B2C含稅換算
11504,DQ57468710,8月,B2C,,143,7,150,B2C含稅換算
11504,DQ57468711,8月,B2C,,133,7,140,B2C含稅換算
11504,DQ57468712,8月,B2C,,171,9,180,B2C含稅換算
11504,DQ57468713,8月,B2C,,152,8,160,B2C含稅換算
11504,DQ57468714,8月,B2C,,171,9,180,B2C含稅換算
11504,DQ57468715,8月,B2C,,143,7,150,B2C含稅換算
11504,DQ57468716,8月,B2C,,286,14,300,B2C含稅換算
11504,DQ57468717,8月,B2C,,124,6,130,B2C含稅換算
11504,DQ57468718,8月,B2C,,295,15,310,B2C含稅換算
11504,DQ57468719,8月,B2C,,267,13,280,B2C含稅換算
11504,DQ57468720,8月,B2C,,195,10,205,B2C含稅換算
11504,DQ57468721,8月,B2C,,267,13,280,B2C含稅換算
11504,DQ57468722,8月,B2C,,71,4,75,B2C含稅換算
11504,DQ57468723,8月,B2C,,95,5,100,B2C含稅換算
11504,DQ57468724,8月,B2C,,248,12,260,B2C含稅換算
11504,DQ57468725,8月,B2C,,257,13,270,B2C含稅換算
11504,DQ57468726,8月,B2C,,133,7,140,B2C含稅換算
11504,DQ57468727,8月,B2C,,124,6,130,B2C含稅換算
11504,DQ57468728,8月,B2C,,171,9,180,B2C含稅換算
11504,DQ57468729,8月,B2C,,71,4,75,B2C含稅換算
11504,DQ57468730,8月,B2C,,124,6,130,B2C含稅換算
11504,DQ57468731,8月,B2C,,38,2,40,B2C含稅換算
11504,DQ57468732,8月,B2C,,38,2,40,B2C含稅換算
11504,DQ57468733,8月,B2C,,38,2,40,B2C含稅換算
11504,DQ57468734,8月,B2C,,171,9,180,B2C含稅換算
11504,DQ57468735,8月,B2C,,267,13,280,B2C含稅換算
11504,DQ57468736,8月,B2C,,171,9,180,B2C含稅換算
11504,DQ57468737,8月,B2B,16354751,143,7,150,
11504,DQ57468738,8月,B2B,16354751,171,9,180,
11504,DQ57468739,8月,B2C,,343,17,360,B2C含稅換算
11504,DQ57468740,8月,B2C,,143,7,150,B2C含稅換算
11504,DQ57468741,8月,B2C,,143,7,150,B2C含稅換算
11504,DQ57468742,8月,B2C,,295,15,310,B2C含稅換算
11504,DQ57468743,8月,B2C,,95,5,100,B2C含稅換算
11504,DQ57468744,8月,B2C,,124,6,130,B2C含稅換算
11504,DQ57468745,8月,B2C,,276,14,290,B2C含稅換算
11504,DQ57468746,8月,B2C,,124,6,130,B2C含稅換算
11504,DQ57468747,8月,B2C,,162,8,170,B2C含稅換算
11504,DQ57468748,8月,B2C,,571,29,600,B2C含稅換算
11504,DQ57468749,8月,B2C,,543,27,570,B2C含稅換算
11504,DQ57468750,8月,B2C,,143,7,150,B2C含稅換算
11504,DQ57468751,8月,B2C,,171,9,180,B2C含稅換算
11504,DQ57468752,8月,B2C,,71,4,75,B2C含稅換算
11504,DQ57468753,8月,B2C,,143,7,150,B2C含稅換算
11504,DQ57468754,8月,B2C,,124,6,130,B2C含稅換算
11504,DQ57468755,8月,B2C,,62,3,65,B2C含稅換算
11504,DQ57468756,8月,B2C,,143,7,150,B2C含稅換算
11504,DQ57468757,8月,B2C,,171,9,180,B2C含稅換算
11504,DQ57468758,8月,B2C,,171,9,180,B2C含稅換算
11504,DQ57468759,8月,B2C,,124,6,130,B2C含稅換算
11504,DQ57468760,8月,B2C,,114,6,120,B2C含稅換算
11504,DQ57468761,8月,B2C,,114,6,120,B2C含稅換算
11504,DQ57468762,8月,B2C,,371,19,390,B2C含稅換算
11504,DQ57468763,8月,B2C,,343,17,360,B2C含稅換算
11504,DQ57468764,8月,B2C,,295,15,310,B2C含稅換算
11504,DQ57468765,8月,B2C,,152,8,160,B2C含稅換算
11504,DQ57468766,8月,B2C,,124,6,130,B2C含稅換算
11504,DQ57468767,8月,B2C,,62,3,65,B2C含稅換算
11504,DQ57468768,8月,B2C,,171,9,180,B2C含稅換算
11504,DQ57468769,8月,B2C,,457,23,480,B2C含稅換算
11504,DQ57468770,8月,B2C,,62,3,65,B2C含稅換算
11504,DQ57468771,8月,B2C,,333,17,350,B2C含稅換算
11504,DQ57468772,8月,B2C,,286,14,300,B2C含稅換算
11504,DQ57468773,8月,B2B,00434499,186,9,195,
11504,DQ57468774,8月,B2C,,43,2,45,B2C含稅換算
11504,DQ57468775,8月,B2C,,171,9,180,B2C含稅換算
11504,DQ57468776,8月,B2C,,333,17,350,B2C含稅換算
11504,DQ57468777,8月,B2C,,305,15,320,B2C含稅換算
11504,DQ57468778,8月,B2C,,124,6,130,B2C含稅換算
11504,DQ57468779,8月,B2C,,71,4,75,B2C含稅換算
11504,DQ57468780,8月,B2C,,438,22,460,B2C含稅換算
11504,DQ57468781,8月,B2C,,143,7,150,B2C含稅換算
11504,DQ57468782,8月,B2C,,1010,50,1060,B2C含稅換算
11504,DQ57468783,8月,B2C,,162,8,170,B2C含稅換算
11504,DQ57468784,8月,B2C,,124,6,130,B2C含稅換算
11504,DQ57468785,8月,B2C,,48,2,50,B2C含稅換算
11504,DQ57468786,8月,B2C,,133,7,140,B2C含稅換算
11504,DQ57468787,8月,B2C,,124,6,130,B2C含稅換算
11504,DQ57468788,8月,B2C,,48,2,50,B2C含稅換算
11504,DQ57468789,8月,B2C,,124,6,130,B2C含稅換算
11504,DQ57468790,8月,B2C,,124,6,130,B2C含稅換算
11504,DQ57468791,8月,B2C,,314,16,330,B2C含稅換算
11504,DQ57468792,8月,B2C,,400,20,420,B2C含稅換算
11504,DQ57468793,8月,B2C,,143,7,150,B2C含稅換算
11504,DQ57468794,8月,B2C,,124,6,130,B2C含稅換算
11504,DQ57468795,8月,B2C,,190,10,200,B2C含稅換算
11504,DQ57468796,8月,B2C,,171,9,180,B2C含稅換算
11504,DQ57468797,8月,B2C,,248,12,260,B2C含稅換算
11504,DQ57468798,8月,B2C,,267,13,280,B2C含稅換算
11504,DQ57468799,8月,B2C,,143,7,150,B2C含稅換算
11504,DQ57468800,8月,B2C,,124,6,130,B2C含稅換算
11504,DQ57468801,8月,B2C,,38,2,40,B2C含稅換算
11504,DQ57468802,8月,B2C,,38,2,40,B2C含稅換算
11504,DQ57468803,8月,B2C,,190,10,200,B2C含稅換算
11504,DQ57468804,8月,B2C,,124,6,130,B2C含稅換算
11504,DQ57468805,8月,B2C,,38,2,40,B2C含稅換算
11504,DQ57468806,8月,B2C,,171,9,180,B2C含稅換算
11504,DQ57468807,8月,B2C,,38,2,40,B2C含稅換算
11504,DQ57468808,8月,B2C,,38,2,40,B2C含稅換算
11504,DQ57468809,8月,B2C,,62,3,65,B2C含稅換算
11504,DQ57468810,8月,B2C,,38,2,40,B2C含稅換算
11504,DQ57468811,8月,B2C,,152,8,160,B2C含稅換算
11504,DQ57468812,8月,B2C,,124,6,130,B2C含稅換算
11504,DQ57468813,8月,B2C,,143,7,150,B2C含稅換算
11504,DQ57468814,8月,B2C,,295,15,310,B2C含稅換算
11504,DQ57468815,8月,B2C,,124,6,130,B2C含稅換算
11504,DQ57468816,8月,B2C,,76,4,80,B2C含稅換算
11504,DQ57468817,8月,B2C,,695,35,730,B2C含稅換算
11504,DQ57468818,8月,B2C,,143,7,150,B2C含稅換算
11504,DQ57468819,8月,B2C,,133,7,140,B2C含稅換算
11504,DQ57468820,8月,B2C,,95,5,100,B2C含稅換算
11504,DQ57468821,8月,B2C,,295,15,310,B2C含稅換算
11504,DQ57468822,8月,B2C,,48,2,50,B2C含稅換算
11504,DQ57468823,8月,B2B,14057221,600,30,630,
11504,DQ57468824,8月,B2C,,171,9,180,B2C含稅換算
11504,DQ57468825,8月,B2C,,48,2,50,B2C含稅換算
11504,DQ57468826,8月,B2C,,248,12,260,B2C含稅換算
11504,DQ57468827,8月,B2C,,314,16,330,B2C含稅換算
11504,DQ57468828,8月,B2C,,190,10,200,B2C含稅換算
11504,DQ57468829,8月,B2C,,171,9,180,B2C含稅換算
11504,DQ57468830,8月,B2C,,195,10,205,B2C含稅換算
11504,DQ57468831,8月,B2C,,62,3,65,B2C含稅換算
11504,DQ57468832,8月,B2C,,171,9,180,B2C含稅換算
11504,DQ57468833,8月,B2C,,343,17,360,B2C含稅換算
11504,DQ57468834,8月,B2C,,357,18,375,B2C含稅換算
11504,DQ57468835,8月,B2C,,124,6,130,B2C含稅換算
11504,DQ57468836,8月,B2C,,38,2,40,B2C含稅換算
11504,DQ57468837,8月,B2C,,143,7,150,B2C含稅換算
11504,DQ57468838,8月,B2C,,171,9,180,B2C含稅換算
11504,DQ57468839,8月,B2C,,95,5,100,B2C含稅換算
11504,DQ57468840,8月,B2C,,371,19,390,B2C含稅換算
11504,DQ57468841,8月,B2C,,500,25,525,B2C含稅換算
11504,DQ57468842,8月,B2C,,124,6,130,B2C含稅換算
11504,DQ57468843,8月,B2C,,62,3,65,B2C含稅換算
11504,DQ57468844,8月,B2C,,133,7,140,B2C含稅換算
11504,DQ57468845,8月,B2C,,171,9,180,B2C含稅換算
11504,DQ57468846,8月,B2C,,124,6,130,B2C含稅換算
11504,DQ57468847,8月,B2C,,124,6,130,B2C含稅換算
11504,DQ57468848,8月,B2C,,429,21,450,B2C含稅換算
11504,DQ57468849,8月,B2C,,143,7,150,B2C含稅換算
11504,DQ57468850,8月,B2C,,276,14,290,B2C含稅換算
11504,DQ57468851,8月,B2C,,857,43,900,B2C含稅換算
11504,DQ57468852,8月,B2C,,152,8,160,B2C含稅換算
11504,DQ57468853,8月,B2C,,419,21,440,B2C含稅換算
11504,DQ57468854,8月,B2C,,124,6,130,B2C含稅換算
11504,DQ57468855,8月,B2C,,143,7,150,B2C含稅換算
11504,DQ57468856,8月,B2C,,124,6,130,B2C含稅換算
11504,DQ57468857,8月,B2C,,48,2,50,B2C含稅換算
11504,DQ57468858,8月,B2C,,152,8,160,B2C含稅換算
11504,DQ57468859,8月,B2C,,267,13,280,B2C含稅換算
11504,DQ57468860,8月,B2C,,248,12,260,B2C含稅換算
11504,DQ57468861,8月,B2C,,143,7,150,B2C含稅換算
11504,DQ57468862,8月,B2C,,314,16,330,B2C含稅換算
11504,DQ57468863,8月,B2C,,133,7,140,B2C含稅換算
11504,DQ57468864,8月,B2C,,48,2,50,B2C含稅換算
11504,DQ57468865,8月,B2C,,190,10,200,B2C含稅換算
11504,DQ57468866,8月,B2C,,171,9,180,B2C含稅換算
11504,DQ57468867,8月,B2C,,186,9,195,B2C含稅換算
11504,DQ57468868,8月,B2C,,124,6,130,B2C含稅換算
11504,DQ57468869,8月,B2C,,314,16,330,B2C含稅換算
11504,DQ57468870,8月,B2C,,314,16,330,B2C含稅換算
11504,DQ57468871,8月,B2C,,429,21,450,B2C含稅換算
11504,DQ57468872,8月,B2C,,343,17,360,B2C含稅換算
11504,DQ57468873,8月,B2C,,48,2,50,B2C含稅換算
11504,DQ57468874,8月,B2C,,143,7,150,B2C含稅換算
11504,DQ57468875,8月,B2C,,295,15,310,B2C含稅換算
11504,DQ57468876,8月,B2C,,171,9,180,B2C含稅換算
11504,DQ57468877,8月,B2C,,124,6,130,B2C含稅換算
11504,DQ57468878,8月,B2C,,162,8,170,B2C含稅換算
11504,DQ57468879,8月,B2C,,371,19,390,B2C含稅換算
11504,DQ57468880,8月,B2C,,133,7,140,B2C含稅換算
11504,DQ57468881,8月,B2C,,105,5,110,B2C含稅換算
11504,DQ57468882,8月,B2C,,143,7,150,B2C含稅換算
11504,DQ57468883,8月,B2C,,48,2,50,B2C含稅換算
11504,DQ57468884,8月,B2C,,952,48,1000,B2C含稅換算
11504,DQ57468885,8月,B2C,,390,20,410,B2C含稅換算
11504,DQ57468886,8月,B2C,,457,23,480,B2C含稅換算
11504,DQ57468887,8月,B2C,,295,15,310,B2C含稅換算
11504,DQ57468888,8月,B2C,,248,12,260,B2C含稅換算
11504,DQ57468889,8月,B2C,,95,5,100,B2C含稅換算
11504,DQ57468890,8月,B2C,,124,6,130,B2C含稅換算
11504,DQ57468891,8月,B2C,,257,13,270,B2C含稅換算
11504,DQ57468892,8月,B2B,70789634,162,8,170,
11504,DQ57468893,8月,B2C,,86,4,90,B2C含稅換算
11504,DQ57468894,8月,B2C,,886,44,930,B2C含稅換算
11504,DQ57468895,8月,B2C,,24,1,25,B2C含稅換算
11504,DQ57468896,8月,B2C,,133,7,140,B2C含稅換算
11504,DQ57468897,8月,B2C,,171,9,180,B2C含稅換算
11504,DQ57468898,8月,B2C,,171,9,180,B2C含稅換算
11504,DQ57468899,8月,B2C,,267,13,280,B2C含稅換算
11504,DQ57468900,8月,B2C,,114,6,120,B2C含稅換算
11504,DQ57468901,8月,B2C,,152,8,160,B2C含稅換算
11504,DQ57468902,8月,B2C,,133,7,140,B2C含稅換算
11504,DQ57468903,8月,B2C,,124,6,130,B2C含稅換算
11504,DQ57468904,8月,B2C,,162,8,170,B2C含稅換算
11504,DQ57468905,8月,B2C,,276,14,290,B2C含稅換算
11504,DQ57468906,8月,B2C,,71,4,75,B2C含稅換算
11504,DQ57468907,8月,B2C,,86,4,90,B2C含稅換算
11504,DQ57468908,8月,B2C,,248,12,260,B2C含稅換算
11504,DQ57468909,8月,B2C,,495,25,520,B2C含稅換算
11504,DQ57468910,8月,B2C,,343,17,360,B2C含稅換算
11504,DQ57468911,8月,B2C,,133,7,140,B2C含稅換算
11504,DQ57468912,8月,B2C,,171,9,180,B2C含稅換算
11504,DQ57468913,8月,B2C,,124,6,130,B2C含稅換算
11504,DQ57468914,8月,B2C,,248,12,260,B2C含稅換算
11504,DQ57468915,8月,B2C,,448,22,470,B2C含稅換算
11504,DQ57468916,8月,B2C,,62,3,65,B2C含稅換算
11504,DQ57468917,8月,B2C,,124,6,130,B2C含稅換算
11504,DQ57468918,8月,B2C,,62,3,65,B2C含稅換算
11504,DQ57468919,8月,B2C,,162,8,170,B2C含稅換算
11504,DQ57468920,8月,B2C,,124,6,130,B2C含稅換算
11504,DQ57468921,8月,B2C,,124,6,130,B2C含稅換算
11504,DQ57468922,8月,B2C,,171,9,180,B2C含稅換算
11504,DQ57468923,8月,B2C,,48,2,50,B2C含稅換算
11504,DQ57468924,8月,作廢,,0,0,0,
11504,DQ57468925,8月,B2C,,143,7,150,B2C含稅換算
11504,DQ57468926,8月,B2C,,48,2,50,B2C含稅換算
11504,DQ57468927,8月,B2C,,48,2,50,B2C含稅換算
11504,DQ57468928,8月,作廢,,0,0,0,
11504,DQ57468929,8月,B2C,,48,2,50,B2C含稅換算
11504,DQ57468930,8月,B2C,,48,2,50,B2C含稅換算
11504,DQ57468931,8月,B2C,,571,29,600,B2C含稅換算
11504,DQ57468932,8月,B2C,,314,16,330,B2C含稅換算
11504,DQ57468933,8月,B2C,,143,7,150,B2C含稅換算
11504,DQ57468934,8月,B2C,,124,6,130,B2C含稅換算
11504,DQ57468935,8月,B2C,,38,2,40,B2C含稅換算
11504,DQ57468936,8月,B2C,,38,2,40,B2C含稅換算
11504,DQ57468937,8月,B2C,,257,13,270,B2C含稅換算
11504,DQ57468938,8月,B2C,,124,6,130,B2C含稅換算
11504,DQ57468939,8月,B2C,,267,13,280,B2C含稅換算
11504,DQ57468940,8月,B2C,,324,16,340,B2C含稅換算
11504,DQ57468941,8月,B2C,,171,9,180,B2C含稅換算
11504,DQ57468942,8月,B2C,,114,6,120,B2C含稅換算
11504,DQ57468943,8月,B2C,,38,2,40,B2C含稅換算
11504,DQ57468944,8月,B2C,,38,2,40,B2C含稅換算
11504,DQ57468945,8月,B2C,,38,2,40,B2C含稅換算
11504,DQ57468946,8月,B2C,,38,2,40,B2C含稅換算
11504,DQ57468947,8月,B2C,,71,4,75,B2C含稅換算
11504,DQ57468948,8月,B2C,,457,23,480,B2C含稅換算
11504,DQ57468949,8月,B2C,,133,7,140,B2C含稅換算
11504,DQ57468950,8月,B2C,,124,6,130,B2C含稅換算
11504,DQ57468951,8月,B2C,,214,11,225,B2C含稅換算
11504,DQ57468952,8月,B2C,,38,2,40,B2C含稅換算
11504,DQ57468953,8月,B2C,,38,2,40,B2C含稅換算
11504,DQ57468954,8月,B2C,,133,7,140,B2C含稅換算
11504,DQ57468955,8月,B2C,,276,14,290,B2C含稅換算
11504,DQ57468956,8月,B2C,,57,3,60,B2C含稅換算
11504,DQ57468957,8月,B2C,,124,6,130,B2C含稅換算
11504,DQ57468958,8月,B2C,,143,7,150,B2C含稅換算
11504,DQ57468959,8月,B2C,,143,7,150,B2C含稅換算
11504,DQ57468960,8月,B2C,,86,4,90,B2C含稅換算
11504,DQ57468961,8月,B2C,,248,12,260,B2C含稅換算
11504,DQ57468962,8月,B2C,,124,6,130,B2C含稅換算
11504,DQ57468963,8月,B2C,,410,20,430,B2C含稅換算
11504,DQ57468964,8月,B2C,,152,8,160,B2C含稅換算
11504,DQ57468965,8月,B2C,,62,3,65,B2C含稅換算
11504,DQ57468966,8月,B2C,,62,3,65,B2C含稅換算
11504,DQ57468967,8月,B2C,,62,3,65,B2C含稅換算
11504,DQ57468968,8月,B2C,,343,17,360,B2C含稅換算
11504,DQ57468969,8月,B2C,,71,4,75,B2C含稅換算
11504,DQ57468970,8月,B2C,,62,3,65,B2C含稅換算
11504,DQ57468971,8月,B2C,,133,7,140,B2C含稅換算
11504,DQ57468972,8月,B2C,,95,5,100,B2C含稅換算
11504,DQ57468973,8月,B2C,,171,9,180,B2C含稅換算
11504,DQ57468974,8月,B2C,,214,11,225,B2C含稅換算
11504,DQ57468975,8月,B2C,,295,15,310,B2C含稅換算
11504,DQ57468976,8月,B2C,,124,6,130,B2C含稅換算
11504,DQ57468977,8月,B2C,,533,27,560,B2C含稅換算
11504,DQ57468978,8月,B2C,,124,6,130,B2C含稅換算
11504,DQ57468979,8月,B2C,,143,7,150,B2C含稅換算
11504,DQ57468980,8月,B2C,,329,16,345,B2C含稅換算
11504,DQ57468981,8月,B2C,,257,13,270,B2C含稅換算
11504,DQ57468982,8月,B2C,,95,5,100,B2C含稅換算
11504,DQ57468983,8月,B2C,,314,16,330,B2C含稅換算
11504,DQ57468984,8月,B2C,,57,3,60,B2C含稅換算
11504,DQ57468985,8月,B2C,,124,6,130,B2C含稅換算
11504,DQ57468986,8月,B2C,,143,7,150,B2C含稅換算
11504,DQ57468987,8月,B2C,,152,8,160,B2C含稅換算
11504,DQ57468988,8月,B2C,,314,16,330,B2C含稅換算
11504,DQ57468989,8月,B2C,,124,6,130,B2C含稅換算
11504,DQ57468990,8月,B2C,,124,6,130,B2C含稅換算
11504,DQ57468991,8月,B2C,,248,12,260,B2C含稅換算
11504,DQ57468992,8月,B2C,,205,10,215,B2C含稅換算
11504,DQ57468993,8月,B2C,,419,21,440,B2C含稅換算
11504,DQ57468994,8月,B2C,,62,3,65,B2C含稅換算
11504,DQ57468995,8月,B2C,,286,14,300,B2C含稅換算
11504,DQ57468996,8月,B2C,,124,6,130,B2C含稅換算
11504,DQ57468997,8月,B2C,,781,39,820,B2C含稅換算
11504,DQ57468998,8月,B2C,,62,3,65,B2C含稅換算
11504,DQ57468999,8月,B2C,,71,4,75,B2C含稅換算
11504,DQ57469000,8月,B2C,,143,7,150,B2C含稅換算
11504,DQ57469001,8月,B2C,,171,9,180,B2C含稅換算
11504,DQ57469002,8月,B2C,,143,7,150,B2C含稅換算
11504,DQ57469003,8月,B2C,,429,21,450,B2C含稅換算
11504,DQ57469004,8月,B2C,,133,7,140,B2C含稅換算
11504,DQ57469005,8月,B2C,,48,2,50,B2C含稅換算
11504,DQ57469006,8月,B2C,,48,2,50,B2C含稅換算
11504,DQ57469007,8月,B2C,,286,14,300,B2C含稅換算
11504,DQ57469008,8月,B2C,,257,13,270,B2C含稅換算
11504,DQ57469009,8月,B2C,,248,12,260,B2C含稅換算
11504,DQ57469010,8月,B2C,,62,3,65,B2C含稅換算
11504,DQ57469011,8月,B2C,,124,6,130,B2C含稅換算
11504,DQ57469012,8月,B2C,,62,3,65,B2C含稅換算
11504,DQ57469013,8月,B2C,,105,5,110,B2C含稅換算
11504,DQ57469014,8月,B2C,,314,16,330,B2C含稅換算
11504,DQ57469015,8月,B2C,,429,21,450,B2C含稅換算
11504,DQ57469016,8月,B2C,,514,26,540,B2C含稅換算
11504,DQ57469017,8月,B2C,,143,7,150,B2C含稅換算
11504,DQ57469018,8月,B2C,,124,6,130,B2C含稅換算
11504,DQ57469019,8月,B2C,,171,9,180,B2C含稅換算
11504,DQ57469020,8月,B2C,,143,7,150,B2C含稅換算
11504,DQ57469021,8月,B2C,,143,7,150,B2C含稅換算
11504,DQ57469022,8月,B2C,,62,3,65,B2C含稅換算
11504,DQ57469023,8月,B2C,,143,7,150,B2C含稅換算
11504,DQ57469024,8月,B2B,91401905,62,3,65,
11504,DQ57469025,8月,B2C,,62,3,65,B2C含稅換算
11504,DQ57469026,8月,B2C,,286,14,300,B2C含稅換算
11504,DQ57469027,8月,B2C,,248,12,260,B2C含稅換算
11504,DQ57469028,8月,B2C,,171,9,180,B2C含稅換算
11504,DQ57469029,8月,B2C,,143,7,150,B2C含稅換算
11504,DQ57469030,8月,B2B,17874983,171,9,180,
11504,DQ57469031,8月,B2C,,62,3,65,B2C含稅換算
11504,DQ57469032,8月,B2C,,195,10,205,B2C含稅換算
11504,DQ57469033,8月,B2C,,305,15,320,B2C含稅換算
11504,DQ57469034,8月,B2C,,381,19,400,B2C含稅換算
11504,DQ57469035,8月,B2C,,124,6,130,B2C含稅換算
11504,DQ57469036,8月,B2C,,62,3,65,B2C含稅換算
11504,DQ57469037,8月,B2C,,43,2,45,B2C含稅換算
11504,DQ57469038,8月,B2C,,143,7,150,B2C含稅換算
11504,DQ57469039,8月,B2C,,124,6,130,B2C含稅換算
11504,DQ57469040,8月,B2C,,295,15,310,B2C含稅換算
11504,DQ57469041,8月,B2C,,48,2,50,B2C含稅換算
11504,DQ57469042,8月,B2C,,95,5,100,B2C含稅換算
11504,DQ57469043,8月,B2C,,305,15,320,B2C含稅換算
11504,DQ57469044,8月,B2C,,276,14,290,B2C含稅換算
11504,DQ57469045,8月,B2C,,48,2,50,B2C含稅換算
11504,DQ57469046,8月,B2C,,124,6,130,B2C含稅換算
11504,DQ57469047,8月,B2C,,133,7,140,B2C含稅換算
11504,DQ57469048,8月,B2C,,71,4,75,B2C含稅換算
11504,DQ57469049,8月,B2C,,781,39,820,B2C含稅換算
11504,DQ57469050,8月,B2C,,571,29,600,B2C含稅換算
11504,DQ57469051,8月,B2C,,71,4,75,B2C含稅換算
11504,DQ57469052,8月,B2C,,305,15,320,B2C含稅換算
11504,DQ57469053,8月,B2C,,152,8,160,B2C含稅換算
11504,DQ57469054,8月,B2C,,171,9,180,B2C含稅換算
11504,DQ57469055,8月,B2C,,695,35,730,B2C含稅換算
11504,DQ57469056,8月,B2C,,267,13,280,B2C含稅換算
11504,DQ57469057,8月,B2C,,71,4,75,B2C含稅換算
11504,DQ57469058,8月,B2C,,248,12,260,B2C含稅換算
11504,DQ57469059,8月,B2C,,295,15,310,B2C含稅換算
11504,DQ57469060,8月,B2C,,143,7,150,B2C含稅換算
11504,DQ57469061,8月,B2C,,276,14,290,B2C含稅換算
11504,DQ57469062,8月,B2C,,171,9,180,B2C含稅換算
11504,DQ57469063,8月,B2C,,286,14,300,B2C含稅換算
11504,DQ57469064,8月,B2C,,171,9,180,B2C含稅換算
11504,DQ57469065,8月,B2C,,143,7,150,B2C含稅換算
11504,DQ57469066,8月,B2C,,295,15,310,B2C含稅換算
11504,DQ57469067,8月,B2C,,71,4,75,B2C含稅換算
11504,DQ57469068,8月,B2C,,124,6,130,B2C含稅換算
11504,DQ57469069,8月,B2C,,24,1,25,B2C含稅換算
11504,DQ57469070,8月,B2C,,62,3,65,B2C含稅換算
11504,DQ57469071,8月,B2C,,324,16,340,B2C含稅換算
11504,DQ57469072,8月,B2C,,305,15,320,B2C含稅換算
11504,DQ57469073,8月,B2C,,343,17,360,B2C含稅換算
11504,DQ57469074,8月,B2C,,133,7,140,B2C含稅換算
11504,DQ57469075,8月,B2C,,133,7,140,B2C含稅換算
11504,DQ57469076,8月,B2C,,62,3,65,B2C含稅換算
11504,DQ57469077,8月,B2C,,571,29,600,B2C含稅換算
11504,DQ57469078,8月,B2C,,143,7,150,B2C含稅換算
11504,DQ57469079,8月,B2C,,124,6,130,B2C含稅換算
11504,DQ57469080,8月,B2C,,257,13,270,B2C含稅換算
11504,DQ57469081,8月,B2C,,95,5,100,B2C含稅換算
11504,DQ57469082,8月,B2B,80568836,48,2,50,
11504,DQ57469083,8月,B2C,,62,3,65,B2C含稅換算
11504,DQ57469084,8月,B2C,,419,21,440,B2C含稅換算
11504,DQ57469085,8月,B2C,,171,9,180,B2C含稅換算
11504,DQ57469086,8月,B2C,,305,15,320,B2C含稅換算
11504,DQ57469087,8月,B2C,,95,5,100,B2C含稅換算
11504,DQ57469088,8月,B2C,,171,9,180,B2C含稅換算
11504,DQ57469089,8月,B2C,,124,6,130,B2C含稅換算
11504,DQ57469090,8月,B2C,,552,28,580,B2C含稅換算
11504,DQ57469091,8月,B2C,,71,4,75,B2C含稅換算
11504,DQ57469092,8月,B2C,,171,9,180,B2C含稅換算
11504,DQ57469093,8月,B2C,,114,6,120,B2C含稅換算
11504,DQ57469094,8月,B2C,,48,2,50,B2C含稅換算
11504,DQ57469095,8月,B2C,,62,3,65,B2C含稅換算
11504,DQ57469096,8月,B2C,,124,6,130,B2C含稅換算
11504,DQ57469097,8月,B2C,,276,14,290,B2C含稅換算
11504,DQ57469098,8月,B2C,,1086,54,1140,B2C含稅換算
11504,DQ57469099,8月,B2C,,343,17,360,B2C含稅換算
11504,DQ57469100,8月,B2C,,224,11,235,B2C含稅換算
11504,DQ57469101,8月,B2C,,267,13,280,B2C含稅換算
11504,DQ57469102,8月,B2C,,267,13,280,B2C含稅換算
11504,DQ57469103,8月,B2C,,71,4,75,B2C含稅換算
11504,DQ57469104,8月,B2C,,124,6,130,B2C含稅換算
11504,DQ57469105,8月,B2C,,305,15,320,B2C含稅換算
11504,DQ57469106,8月,B2C,,71,4,75,B2C含稅換算
11504,DQ57469107,8月,B2C,,48,2,50,B2C含稅換算
11504,DQ57469108,8月,B2C,,133,7,140,B2C含稅換算
11504,DQ57469109,8月,B2C,,152,8,160,B2C含稅換算
11504,DQ57469110,8月,B2C,,133,7,140,B2C含稅換算
11504,DQ57469111,8月,B2C,,133,7,140,B2C含稅換算
11504,DQ57469112,8月,B2C,,133,7,140,B2C含稅換算
11504,DQ57469113,8月,B2C,,48,2,50,B2C含稅換算
11504,DQ57469114,8月,B2C,,95,5,100,B2C含稅換算
11504,DQ57469115,8月,B2C,,38,2,40,B2C含稅換算
11504,DQ57469116,8月,B2C,,190,10,200,B2C含稅換算
11504,DQ57469117,8月,B2C,,267,13,280,B2C含稅換算
11504,DQ57469118,8月,B2C,,171,9,180,B2C含稅換算
11504,DQ57469119,8月,B2C,,171,9,180,B2C含稅換算
11504,DQ57469120,8月,B2C,,114,6,120,B2C含稅換算
11504,DQ57469121,8月,B2C,,276,14,290,B2C含稅換算
11504,DQ57469122,8月,B2C,,467,23,490,B2C含稅換算
11504,DQ57469123,8月,B2C,,171,9,180,B2C含稅換算
11504,DQ57469124,8月,B2C,,171,9,180,B2C含稅換算
11504,DQ57469125,8月,B2C,,124,6,130,B2C含稅換算
11504,DQ57469126,8月,B2C,,990,50,1040,B2C含稅換算
11504,DQ57469127,8月,B2C,,295,15,310,B2C含稅換算
11504,DQ57469128,8月,B2C,,124,6,130,B2C含稅換算
11504,DQ57469129,8月,B2C,,143,7,150,B2C含稅換算
11504,DQ57469130,8月,B2C,,38,2,40,B2C含稅換算
11504,DQ57469131,8月,B2C,,124,6,130,B2C含稅換算
11504,DQ57469132,8月,B2C,,62,3,65,B2C含稅換算
11504,DQ57469133,8月,B2C,,62,3,65,B2C含稅換算
11504,DQ57469134,8月,B2C,,76,4,80,B2C含稅換算
11504,DQ57469135,8月,B2C,,295,15,310,B2C含稅換算
