期別,發票號碼,月份,類別,賣方統編,銷售額未稅,稅額,含稅金額,備註
11509,FF05851408,9,進項電子發票,23420497,9971,499,10470,德麥食品股份有限公司 日本厚抹茶粉、ELLE&VIRE發酵奶油、法國萊思克AOP發酵、OATLY燕麥奶等20件 1a1064995dd9d84a 已核照片
11509,FF05851409,9,進項電子發票,23420497,1629,81,1710,德麥食品股份有限公司 貝朵可頌70公克x1 1a106492f3a4761b 已核照片
11509,EC56549000,10,進項三聯式,42598070,8571,429,9000,台灣瑰寶牛樟芝生物科技有限公司 咖啡生豆No8 30單位@285.74 [烘豆] 1a0fc15861b9d17b 已核照片
11509,FS85129053,10,進項電子發票,24837958,1048,52,1100,聯采企業有限公司 食材一批 1a0fc0b1d0101f21 已核照片
11509,FS85128700,9,進項電子發票,24837958,2095,105,2200,聯采企業有限公司 食材一批 1a0fac223ab60e61 已核照片
11509,ES98794258,9,進項電子發票,47409443,333,17,350,開元食品工業股份有限公司中北營業所 芙芮西天然果物JUICE100%檸檬原汁1L x1 1a0fac21fa2aabb7 已核照片
11509,ET05040841,9,進項電子發票,09895063,745,37,782,廣進加油站廣進站 92無鉛汽油26.42L(含優惠折抵-42) 1a0fac21ce788f12 已核照片
11509,ES98794257,9,進項電子發票,47409443,2208,0,2208,開元食品工業股份有限公司中北營業所 戀職人鮮奶936ml 32x69(免稅品 稅額0) 1a0fac217bf1f5be 已核照片
11509,ES98633947,9,進項電子發票,42031096,3795,0,3795,開元食品工業股份有限公司宜蘭營業所 戀職人鮮奶936ml 55x69(免稅品 稅額0) 1a0fab823aad9bc5 已核照片
